北京市	bei'jing'shi	
天津市	tian'jin'shi	
河北省	he'bei'sheng	
山西省	shan'xi'sheng	
内蒙古自治区	nei'meng'gu'zi'zhi'qu	
辽宁省	liao'ning'sheng	
吉林省	ji'lin'sheng	
黑龙江省	hei'long'jiang'sheng	
上海市	shang'hai'shi	
江苏省	jiang'su'sheng	
浙江省	zhe'jiang'sheng	
安徽省	an'hui'sheng	
福建省	fu'jian'sheng	
江西省	jiang'xi'sheng	
山东省	shan'dong'sheng	
河南省	he'nan'sheng	
湖北省	hu'bei'sheng	
湖南省	hu'nan'sheng	
广东省	guang'dong'sheng	
广西壮族自治区	guang'xi'zhuang'zu'zi'zhi'qu	
海南省	hai'nan'sheng	
重庆市	chong'qing'shi	
四川省	si'chuan'sheng	
贵州省	gui'zhou'sheng	
云南省	yun'nan'sheng	
西藏自治区	xi'zang'zi'zhi'qu	
陕西省	shan'xi'sheng	
甘肃省	gan'su'sheng	
青海省	qing'hai'sheng	
宁夏回族自治区	ning'xia'hui'zu'zi'zhi'qu	
新疆维吾尔自治区	xin'jiang'wei'wu'er'zi'zhi'qu	
石家庄市	shi'jia'zhuang'shi	河北省
唐山市	tang'shan'shi	河北省
秦皇岛市	qin'huang'dao'shi	河北省
邯郸市	han'dan'shi	河北省
邢台市	xing'tai'shi	河北省
保定市	bao'ding'shi	河北省
张家口市	zhang'jia'kou'shi	河北省
承德市	cheng'de'shi	河北省
沧州市	cang'zhou'shi	河北省
廊坊市	lang'fang'shi	河北省
衡水市	heng'shui'shi	河北省
太原市	tai'yuan'shi	山西省
大同市	da'tong'shi	山西省
阳泉市	yang'quan'shi	山西省
长治市	chang'zhi'shi	山西省
晋城市	jin'cheng'shi	山西省
朔州市	shuo'zhou'shi	山西省
晋中市	jin'zhong'shi	山西省
运城市	yun'cheng'shi	山西省
忻州市	xin'zhou'shi	山西省
临汾市	lin'fen'shi	山西省
吕梁市	lv'liang'shi	山西省
呼和浩特市	hu'he'hao'te'shi	内蒙古自治区
包头市	bao'tou'shi	内蒙古自治区
乌海市	wu'hai'shi	内蒙古自治区
赤峰市	chi'feng'shi	内蒙古自治区
通辽市	tong'liao'shi	内蒙古自治区
鄂尔多斯市	e'er'duo'si'shi	内蒙古自治区
呼伦贝尔市	hu'lun'bei'er'shi	内蒙古自治区
巴彦淖尔市	ba'yan'nao'er'shi	内蒙古自治区
乌兰察布市	wu'lan'cha'bu'shi	内蒙古自治区
兴安盟	xing'an'meng	内蒙古自治区
锡林郭勒盟	xi'lin'guo'le'meng	内蒙古自治区
阿拉善盟	a'la'shan'meng	内蒙古自治区
沈阳市	shen'yang'shi	辽宁省
大连市	da'lian'shi	辽宁省
鞍山市	an'shan'shi	辽宁省
抚顺市	fu'shun'shi	辽宁省
本溪市	ben'xi'shi	辽宁省
丹东市	dan'dong'shi	辽宁省
锦州市	jin'zhou'shi	辽宁省
营口市	ying'kou'shi	辽宁省
阜新市	fu'xin'shi	辽宁省
辽阳市	liao'yang'shi	辽宁省
盘锦市	pan'jin'shi	辽宁省
铁岭市	tie'ling'shi	辽宁省
朝阳市	chao'yang'shi	辽宁省
葫芦岛市	hu'lu'dao'shi	辽宁省
长春市	chang'chun'shi	吉林省
吉林市	ji'lin'shi	吉林省
四平市	si'ping'shi	吉林省
辽源市	liao'yuan'shi	吉林省
通化市	tong'hua'shi	吉林省
白山市	bai'shan'shi	吉林省
松原市	song'yuan'shi	吉林省
白城市	bai'cheng'shi	吉林省
延边朝鲜族自治州	yan'bian'chao'xian'zu'zi'zhi'zhou	吉林省
哈尔滨市	ha'er'bin'shi	黑龙江省
齐齐哈尔市	qi'qi'ha'er'shi	黑龙江省
鸡西市	ji'xi'shi	黑龙江省
鹤岗市	he'gang'shi	黑龙江省
双鸭山市	shuang'ya'shan'shi	黑龙江省
大庆市	da'qing'shi	黑龙江省
伊春市	yi'chun'shi	黑龙江省
佳木斯市	jia'mu'si'shi	黑龙江省
七台河市	qi'tai'he'shi	黑龙江省
牡丹江市	mu'dan'jiang'shi	黑龙江省
黑河市	hei'he'shi	黑龙江省
绥化市	sui'hua'shi	黑龙江省
大兴安岭地区	da'xing'an'ling'di'qu	黑龙江省
南京市	nan'jing'shi	江苏省
无锡市	wu'xi'shi	江苏省
徐州市	xu'zhou'shi	江苏省
常州市	chang'zhou'shi	江苏省
苏州市	su'zhou'shi	江苏省
南通市	nan'tong'shi	江苏省
连云港市	lian'yun'gang'shi	江苏省
淮安市	huai'an'shi	江苏省
盐城市	yan'cheng'shi	江苏省
扬州市	yang'zhou'shi	江苏省
镇江市	zhen'jiang'shi	江苏省
泰州市	tai'zhou'shi	江苏省
宿迁市	su'qian'shi	江苏省
杭州市	hang'zhou'shi	浙江省
宁波市	ning'bo'shi	浙江省
温州市	wen'zhou'shi	浙江省
嘉兴市	jia'xing'shi	浙江省
湖州市	hu'zhou'shi	浙江省
绍兴市	shao'xing'shi	浙江省
金华市	jin'hua'shi	浙江省
衢州市	qu'zhou'shi	浙江省
舟山市	zhou'shan'shi	浙江省
台州市	tai'zhou'shi	浙江省
丽水市	li'shui'shi	浙江省
合肥市	he'fei'shi	安徽省
芜湖市	wu'hu'shi	安徽省
蚌埠市	beng'bu'shi	安徽省
淮南市	huai'nan'shi	安徽省
马鞍山市	ma'an'shan'shi	安徽省
淮北市	huai'bei'shi	安徽省
铜陵市	tong'ling'shi	安徽省
安庆市	an'qing'shi	安徽省
黄山市	huang'shan'shi	安徽省
滁州市	chu'zhou'shi	安徽省
阜阳市	fu'yang'shi	安徽省
宿州市	su'zhou'shi	安徽省
六安市	lu'an'shi	安徽省
亳州市	bo'zhou'shi	安徽省
池州市	chi'zhou'shi	安徽省
宣城市	xuan'cheng'shi	安徽省
福州市	fu'zhou'shi	福建省
厦门市	xia'men'shi	福建省
莆田市	pu'tian'shi	福建省
三明市	san'ming'shi	福建省
泉州市	quan'zhou'shi	福建省
漳州市	zhang'zhou'shi	福建省
南平市	nan'ping'shi	福建省
龙岩市	long'yan'shi	福建省
宁德市	ning'de'shi	福建省
南昌市	nan'chang'shi	江西省
景德镇市	jing'de'zhen'shi	江西省
萍乡市	ping'xiang'shi	江西省
九江市	jiu'jiang'shi	江西省
新余市	xin'yu'shi	江西省
鹰潭市	ying'tan'shi	江西省
赣州市	gan'zhou'shi	江西省
吉安市	ji'an'shi	江西省
宜春市	yi'chun'shi	江西省
抚州市	fu'zhou'shi	江西省
上饶市	shang'rao'shi	江西省
济南市	ji'nan'shi	山东省
青岛市	qing'dao'shi	山东省
淄博市	zi'bo'shi	山东省
枣庄市	zao'zhuang'shi	山东省
东营市	dong'ying'shi	山东省
烟台市	yan'tai'shi	山东省
潍坊市	wei'fang'shi	山东省
济宁市	ji'ning'shi	山东省
泰安市	tai'an'shi	山东省
威海市	wei'hai'shi	山东省
日照市	ri'zhao'shi	山东省
临沂市	lin'yi'shi	山东省
德州市	de'zhou'shi	山东省
聊城市	liao'cheng'shi	山东省
滨州市	bin'zhou'shi	山东省
菏泽市	he'ze'shi	山东省
郑州市	zheng'zhou'shi	河南省
开封市	kai'feng'shi	河南省
洛阳市	luo'yang'shi	河南省
平顶山市	ping'ding'shan'shi	河南省
安阳市	an'yang'shi	河南省
鹤壁市	he'bi'shi	河南省
新乡市	xin'xiang'shi	河南省
焦作市	jiao'zuo'shi	河南省
濮阳市	pu'yang'shi	河南省
许昌市	xu'chang'shi	河南省
漯河市	luo'he'shi	河南省
三门峡市	san'men'xia'shi	河南省
南阳市	nan'yang'shi	河南省
商丘市	shang'qiu'shi	河南省
信阳市	xin'yang'shi	河南省
周口市	zhou'kou'shi	河南省
驻马店市	zhu'ma'dian'shi	河南省
武汉市	wu'han'shi	湖北省
黄石市	huang'shi'shi	湖北省
十堰市	shi'yan'shi	湖北省
宜昌市	yi'chang'shi	湖北省
襄阳市	xiang'yang'shi	湖北省
鄂州市	e'zhou'shi	湖北省
荆门市	jing'men'shi	湖北省
孝感市	xiao'gan'shi	湖北省
荆州市	jing'zhou'shi	湖北省
黄冈市	huang'gang'shi	湖北省
咸宁市	xian'ning'shi	湖北省
随州市	sui'zhou'shi	湖北省
恩施土家族苗族自治州	en'shi'tu'jia'zu'miao'zu'zi'zhi'zhou	湖北省
长沙市	chang'sha'shi	湖南省
株洲市	zhu'zhou'shi	湖南省
湘潭市	xiang'tan'shi	湖南省
衡阳市	heng'yang'shi	湖南省
邵阳市	shao'yang'shi	湖南省
岳阳市	yue'yang'shi	湖南省
常德市	chang'de'shi	湖南省
张家界市	zhang'jia'jie'shi	湖南省
益阳市	yi'yang'shi	湖南省
郴州市	chen'zhou'shi	湖南省
永州市	yong'zhou'shi	湖南省
怀化市	huai'hua'shi	湖南省
娄底市	lou'di'shi	湖南省
湘西土家族苗族自治州	xiang'xi'tu'jia'zu'miao'zu'zi'zhi'zhou	湖南省
广州市	guang'zhou'shi	广东省
韶关市	shao'guan'shi	广东省
深圳市	shen'zhen'shi	广东省
珠海市	zhu'hai'shi	广东省
汕头市	shan'tou'shi	广东省
佛山市	fo'shan'shi	广东省
江门市	jiang'men'shi	广东省
湛江市	zhan'jiang'shi	广东省
茂名市	mao'ming'shi	广东省
肇庆市	zhao'qing'shi	广东省
惠州市	hui'zhou'shi	广东省
梅州市	mei'zhou'shi	广东省
汕尾市	shan'wei'shi	广东省
河源市	he'yuan'shi	广东省
阳江市	yang'jiang'shi	广东省
清远市	qing'yuan'shi	广东省
东莞市	dong'guan'shi	广东省
中山市	zhong'shan'shi	广东省
潮州市	chao'zhou'shi	广东省
揭阳市	jie'yang'shi	广东省
云浮市	yun'fu'shi	广东省
南宁市	nan'ning'shi	广西壮族自治区
柳州市	liu'zhou'shi	广西壮族自治区
桂林市	gui'lin'shi	广西壮族自治区
梧州市	wu'zhou'shi	广西壮族自治区
北海市	bei'hai'shi	广西壮族自治区
防城港市	fang'cheng'gang'shi	广西壮族自治区
钦州市	qin'zhou'shi	广西壮族自治区
贵港市	gui'gang'shi	广西壮族自治区
玉林市	yu'lin'shi	广西壮族自治区
百色市	bai'se'shi	广西壮族自治区
贺州市	he'zhou'shi	广西壮族自治区
河池市	he'chi'shi	广西壮族自治区
来宾市	lai'bin'shi	广西壮族自治区
崇左市	chong'zuo'shi	广西壮族自治区
海口市	hai'kou'shi	海南省
三亚市	san'ya'shi	海南省
三沙市	san'sha'shi	海南省
儋州市	dan'zhou'shi	海南省
成都市	cheng'du'shi	四川省
自贡市	zi'gong'shi	四川省
攀枝花市	pan'zhi'hua'shi	四川省
泸州市	lu'zhou'shi	四川省
德阳市	de'yang'shi	四川省
绵阳市	mian'yang'shi	四川省
广元市	guang'yuan'shi	四川省
遂宁市	sui'ning'shi	四川省
内江市	nei'jiang'shi	四川省
乐山市	le'shan'shi	四川省
南充市	nan'chong'shi	四川省
眉山市	mei'shan'shi	四川省
宜宾市	yi'bin'shi	四川省
广安市	guang'an'shi	四川省
达州市	da'zhou'shi	四川省
雅安市	ya'an'shi	四川省
巴中市	ba'zhong'shi	四川省
资阳市	zi'yang'shi	四川省
阿坝藏族羌族自治州	a'ba'zang'zu'qiang'zu'zi'zhi'zhou	四川省
甘孜藏族自治州	gan'zi'zang'zu'zi'zhi'zhou	四川省
凉山彝族自治州	liang'shan'yi'zu'zi'zhi'zhou	四川省
贵阳市	gui'yang'shi	贵州省
六盘水市	liu'pan'shui'shi	贵州省
遵义市	zun'yi'shi	贵州省
安顺市	an'shun'shi	贵州省
毕节市	bi'jie'shi	贵州省
铜仁市	tong'ren'shi	贵州省
黔西南布依族苗族自治州	qian'xi'nan'bu'yi'zu'miao'zu'zi'zhi'zhou	贵州省
黔东南苗族侗族自治州	qian'dong'nan'miao'zu'dong'zu'zi'zhi'zhou	贵州省
黔南布依族苗族自治州	qian'nan'bu'yi'zu'miao'zu'zi'zhi'zhou	贵州省
昆明市	kun'ming'shi	云南省
曲靖市	qu'jing'shi	云南省
玉溪市	yu'xi'shi	云南省
保山市	bao'shan'shi	云南省
昭通市	zhao'tong'shi	云南省
丽江市	li'jiang'shi	云南省
普洱市	pu'er'shi	云南省
临沧市	lin'cang'shi	云南省
楚雄彝族自治州	chu'xiong'yi'zu'zi'zhi'zhou	云南省
红河哈尼族彝族自治州	hong'he'ha'ni'zu'yi'zu'zi'zhi'zhou	云南省
文山壮族苗族自治州	wen'shan'zhuang'zu'miao'zu'zi'zhi'zhou	云南省
西双版纳傣族自治州	xi'shuang'ban'na'dai'zu'zi'zhi'zhou	云南省
大理白族自治州	da'li'bai'zu'zi'zhi'zhou	云南省
德宏傣族景颇族自治州	de'hong'dai'zu'jing'po'zu'zi'zhi'zhou	云南省
怒江傈僳族自治州	nu'jiang'li'su'zu'zi'zhi'zhou	云南省
迪庆藏族自治州	di'qing'zang'zu'zi'zhi'zhou	云南省
拉萨市	la'sa'shi	西藏自治区
日喀则市	ri'ka'ze'shi	西藏自治区
昌都市	chang'du'shi	西藏自治区
林芝市	lin'zhi'shi	西藏自治区
山南市	shan'nan'shi	西藏自治区
那曲市	na'qu'shi	西藏自治区
阿里地区	a'li'di'qu	西藏自治区
西安市	xi'an'shi	陕西省
铜川市	tong'chuan'shi	陕西省
宝鸡市	bao'ji'shi	陕西省
咸阳市	xian'yang'shi	陕西省
渭南市	wei'nan'shi	陕西省
延安市	yan'an'shi	陕西省
汉中市	han'zhong'shi	陕西省
榆林市	yu'lin'shi	陕西省
安康市	an'kang'shi	陕西省
商洛市	shang'luo'shi	陕西省
兰州市	lan'zhou'shi	甘肃省
嘉峪关市	jia'yu'guan'shi	甘肃省
金昌市	jin'chang'shi	甘肃省
白银市	bai'yin'shi	甘肃省
天水市	tian'shui'shi	甘肃省
武威市	wu'wei'shi	甘肃省
张掖市	zhang'ye'shi	甘肃省
平凉市	ping'liang'shi	甘肃省
酒泉市	jiu'quan'shi	甘肃省
庆阳市	qing'yang'shi	甘肃省
定西市	ding'xi'shi	甘肃省
陇南市	long'nan'shi	甘肃省
临夏回族自治州	lin'xia'hui'zu'zi'zhi'zhou	甘肃省
甘南藏族自治州	gan'nan'zang'zu'zi'zhi'zhou	甘肃省
西宁市	xi'ning'shi	青海省
海东市	hai'dong'shi	青海省
海北藏族自治州	hai'bei'zang'zu'zi'zhi'zhou	青海省
黄南藏族自治州	huang'nan'zang'zu'zi'zhi'zhou	青海省
海南藏族自治州	hai'nan'zang'zu'zi'zhi'zhou	青海省
果洛藏族自治州	guo'luo'zang'zu'zi'zhi'zhou	青海省
玉树藏族自治州	yu'shu'zang'zu'zi'zhi'zhou	青海省
海西蒙古族藏族自治州	hai'xi'meng'gu'zu'zang'zu'zi'zhi'zhou	青海省
银川市	yin'chuan'shi	宁夏回族自治区
石嘴山市	shi'zui'shan'shi	宁夏回族自治区
吴忠市	wu'zhong'shi	宁夏回族自治区
固原市	gu'yuan'shi	宁夏回族自治区
中卫市	zhong'wei'shi	宁夏回族自治区
乌鲁木齐市	wu'lu'mu'qi'shi	新疆维吾尔自治区
克拉玛依市	ke'la'ma'yi'shi	新疆维吾尔自治区
吐鲁番市	tu'lu'fan'shi	新疆维吾尔自治区
哈密市	ha'mi'shi	新疆维吾尔自治区
昌吉回族自治州	chang'ji'hui'zu'zi'zhi'zhou	新疆维吾尔自治区
博尔塔拉蒙古自治州	bo'er'ta'la'meng'gu'zi'zhi'zhou	新疆维吾尔自治区
巴音郭楞蒙古自治州	ba'yin'guo'leng'meng'gu'zi'zhi'zhou	新疆维吾尔自治区
阿克苏地区	a'ke'su'di'qu	新疆维吾尔自治区
克孜勒苏柯尔克孜自治州	ke'zi'le'su'ke'er'ke'zi'zi'zhi'zhou	新疆维吾尔自治区
喀什地区	ka'shi'di'qu	新疆维吾尔自治区
和田地区	he'tian'di'qu	新疆维吾尔自治区
伊犁哈萨克自治州	yi'li'ha'sa'ke'zi'zhi'zhou	新疆维吾尔自治区
塔城地区	ta'cheng'di'qu	新疆维吾尔自治区
阿勒泰地区	a'le'tai'di'qu	新疆维吾尔自治区
东城区	dong'cheng'qu	北京市
西城区	xi'cheng'qu	北京市
朝阳区	chao'yang'qu	北京市
丰台区	feng'tai'qu	北京市
石景山区	shi'jing'shan'qu	北京市
海淀区	hai'dian'qu	北京市
门头沟区	men'tou'gou'qu	北京市
房山区	fang'shan'qu	北京市
通州区	tong'zhou'qu	北京市
顺义区	shun'yi'qu	北京市
昌平区	chang'ping'qu	北京市
大兴区	da'xing'qu	北京市
怀柔区	huai'rou'qu	北京市
平谷区	ping'gu'qu	北京市
密云区	mi'yun'qu	北京市
延庆区	yan'qing'qu	北京市
和平区	he'ping'qu	天津市
河东区	he'dong'qu	天津市
河西区	he'xi'qu	天津市
南开区	nan'kai'qu	天津市
河北区	he'bei'qu	天津市
红桥区	hong'qiao'qu	天津市
东丽区	dong'li'qu	天津市
西青区	xi'qing'qu	天津市
津南区	jin'nan'qu	天津市
北辰区	bei'chen'qu	天津市
武清区	wu'qing'qu	天津市
宝坻区	bao'di'qu	天津市
滨海新区	bin'hai'xin'qu	天津市
宁河区	ning'he'qu	天津市
静海区	jing'hai'qu	天津市
蓟州区	ji'zhou'qu	天津市
长安区	chang'an'qu	石家庄市
桥西区	qiao'xi'qu	石家庄市
新华区	xin'hua'qu	石家庄市
井陉矿区	jing'xing'kuang'qu	石家庄市
裕华区	yu'hua'qu	石家庄市
藁城区	gao'cheng'qu	石家庄市
鹿泉区	lu'quan'qu	石家庄市
栾城区	luan'cheng'qu	石家庄市
井陉县	jing'xing'xian	石家庄市
正定县	zheng'ding'xian	石家庄市
行唐县	xing'tang'xian	石家庄市
灵寿县	ling'shou'xian	石家庄市
高邑县	gao'yi'xian	石家庄市
深泽县	shen'ze'xian	石家庄市
赞皇县	zan'huang'xian	石家庄市
无极县	wu'ji'xian	石家庄市
平山县	ping'shan'xian	石家庄市
元氏县	yuan'shi'xian	石家庄市
赵县	zhao'xian	石家庄市
石家庄高新技术产业开发区	shi'jia'zhuang'gao'xin'ji'shu'chan'ye'kai'fa'qu	石家庄市
石家庄循环化工园区	shi'jia'zhuang'xun'huan'hua'gong'yuan'qu	石家庄市
辛集市	xin'ji'shi	石家庄市
晋州市	jin'zhou'shi	石家庄市
新乐市	xin'le'shi	石家庄市
路南区	lu'nan'qu	唐山市
路北区	lu'bei'qu	唐山市
古冶区	gu'ye'qu	唐山市
开平区	kai'ping'qu	唐山市
丰南区	feng'nan'qu	唐山市
丰润区	feng'run'qu	唐山市
曹妃甸区	cao'fei'dian'qu	唐山市
滦南县	luan'nan'xian	唐山市
乐亭县	lao'ting'xian	唐山市
迁西县	qian'xi'xian	唐山市
玉田县	yu'tian'xian	唐山市
河北唐山芦台经济开发区	he'bei'tang'shan'lu'tai'jing'ji'kai'fa'qu	唐山市
唐山市汉沽管理区	tang'shan'shi'han'gu'guan'li'qu	唐山市
唐山高新技术产业开发区	tang'shan'gao'xin'ji'shu'chan'ye'kai'fa'qu	唐山市
河北唐山海港经济开发区	he'bei'tang'shan'hai'gang'jing'ji'kai'fa'qu	唐山市
遵化市	zun'hua'shi	唐山市
迁安市	qian'an'shi	唐山市
滦州市	luan'zhou'shi	唐山市
海港区	hai'gang'qu	秦皇岛市
山海关区	shan'hai'guan'qu	秦皇岛市
北戴河区	bei'dai'he'qu	秦皇岛市
抚宁区	fu'ning'qu	秦皇岛市
青龙满族自治县	qing'long'man'zu'zi'zhi'xian	秦皇岛市
昌黎县	chang'li'xian	秦皇岛市
卢龙县	lu'long'xian	秦皇岛市
秦皇岛市经济技术开发区	qin'huang'dao'shi'jing'ji'ji'shu'kai'fa'qu	秦皇岛市
北戴河新区	bei'dai'he'xin'qu	秦皇岛市
邯山区	han'shan'qu	邯郸市
丛台区	cong'tai'qu	邯郸市
复兴区	fu'xing'qu	邯郸市
峰峰矿区	feng'feng'kuang'qu	邯郸市
肥乡区	fei'xiang'qu	邯郸市
永年区	yong'nian'qu	邯郸市
临漳县	lin'zhang'xian	邯郸市
成安县	cheng'an'xian	邯郸市
大名县	da'ming'xian	邯郸市
涉县	she'xian	邯郸市
磁县	ci'xian	邯郸市
邱县	qiu'xian	邯郸市
鸡泽县	ji'ze'xian	邯郸市
广平县	guang'ping'xian	邯郸市
馆陶县	guan'tao'xian	邯郸市
魏县	wei'xian	邯郸市
曲周县	qu'zhou'xian	邯郸市
邯郸经济技术开发区	han'dan'jing'ji'ji'shu'kai'fa'qu	邯郸市
邯郸冀南新区	han'dan'ji'nan'xin'qu	邯郸市
武安市	wu'an'shi	邯郸市
襄都区	xiang'du'qu	邢台市
信都区	xin'du'qu	邢台市
任泽区	ren'ze'qu	邢台市
南和区	nan'he'qu	邢台市
临城县	lin'cheng'xian	邢台市
内丘县	nei'qiu'xian	邢台市
柏乡县	bai'xiang'xian	邢台市
隆尧县	long'yao'xian	邢台市
宁晋县	ning'jin'xian	邢台市
巨鹿县	ju'lu'xian	邢台市
新河县	xin'he'xian	邢台市
广宗县	guang'zong'xian	邢台市
平乡县	ping'xiang'xian	邢台市
威县	wei'xian	邢台市
清河县	qing'he'xian	邢台市
临西县	lin'xi'xian	邢台市
河北邢台经济开发区	he'bei'xing'tai'jing'ji'kai'fa'qu	邢台市
南宫市	nan'gong'shi	邢台市
沙河市	sha'he'shi	邢台市
竞秀区	jing'xiu'qu	保定市
莲池区	lian'chi'qu	保定市
满城区	man'cheng'qu	保定市
清苑区	qing'yuan'qu	保定市
徐水区	xu'shui'qu	保定市
涞水县	lai'shui'xian	保定市
阜平县	fu'ping'xian	保定市
定兴县	ding'xing'xian	保定市
唐县	tang'xian	保定市
高阳县	gao'yang'xian	保定市
容城县	rong'cheng'xian	保定市
涞源县	lai'yuan'xian	保定市
望都县	wang'du'xian	保定市
安新县	an'xin'xian	保定市
易县	yi'xian	保定市
曲阳县	qu'yang'xian	保定市
蠡县	li'xian	保定市
顺平县	shun'ping'xian	保定市
博野县	bo'ye'xian	保定市
雄县	xiong'xian	保定市
保定高新技术产业开发区	bao'ding'gao'xin'ji'shu'chan'ye'kai'fa'qu	保定市
保定白沟新城	bao'ding'bai'gou'xin'cheng	保定市
涿州市	zhuo'zhou'shi	保定市
定州市	ding'zhou'shi	保定市
安国市	an'guo'shi	保定市
高碑店市	gao'bei'dian'shi	保定市
桥东区	qiao'dong'qu	张家口市
宣化区	xuan'hua'qu	张家口市
下花园区	xia'hua'yuan'qu	张家口市
万全区	wan'quan'qu	张家口市
崇礼区	chong'li'qu	张家口市
张北县	zhang'bei'xian	张家口市
康保县	kang'bao'xian	张家口市
沽源县	gu'yuan'xian	张家口市
尚义县	shang'yi'xian	张家口市
蔚县	yu'xian	张家口市
阳原县	yang'yuan'xian	张家口市
怀安县	huai'an'xian	张家口市
怀来县	huai'lai'xian	张家口市
涿鹿县	zhuo'lu'xian	张家口市
赤城县	chi'cheng'xian	张家口市
张家口经济开发区	zhang'jia'kou'jing'ji'kai'fa'qu	张家口市
张家口市察北管理区	zhang'jia'kou'shi'cha'bei'guan'li'qu	张家口市
张家口市塞北管理区	zhang'jia'kou'shi'sai'bei'guan'li'qu	张家口市
双桥区	shuang'qiao'qu	承德市
双滦区	shuang'luan'qu	承德市
鹰手营子矿区	ying'shou'ying'zi'kuang'qu	承德市
承德县	cheng'de'xian	承德市
兴隆县	xing'long'xian	承德市
滦平县	luan'ping'xian	承德市
隆化县	long'hua'xian	承德市
丰宁满族自治县	feng'ning'man'zu'zi'zhi'xian	承德市
宽城满族自治县	kuan'cheng'man'zu'zi'zhi'xian	承德市
围场满族蒙古族自治县	wei'chang'man'zu'meng'gu'zu'zi'zhi'xian	承德市
承德高新技术产业开发区	cheng'de'gao'xin'ji'shu'chan'ye'kai'fa'qu	承德市
平泉市	ping'quan'shi	承德市
运河区	yun'he'qu	沧州市
沧县	cang'xian	沧州市
青县	qing'xian	沧州市
东光县	dong'guang'xian	沧州市
海兴县	hai'xing'xian	沧州市
盐山县	yan'shan'xian	沧州市
肃宁县	su'ning'xian	沧州市
南皮县	nan'pi'xian	沧州市
吴桥县	wu'qiao'xian	沧州市
献县	xian'xian	沧州市
孟村回族自治县	meng'cun'hui'zu'zi'zhi'xian	沧州市
河北沧州经济开发区	he'bei'cang'zhou'jing'ji'kai'fa'qu	沧州市
沧州高新技术产业开发区	cang'zhou'gao'xin'ji'shu'chan'ye'kai'fa'qu	沧州市
沧州渤海新区	cang'zhou'bo'hai'xin'qu	沧州市
泊头市	bo'tou'shi	沧州市
任丘市	ren'qiu'shi	沧州市
黄骅市	huang'hua'shi	沧州市
河间市	he'jian'shi	沧州市
安次区	an'ci'qu	廊坊市
广阳区	guang'yang'qu	廊坊市
固安县	gu'an'xian	廊坊市
永清县	yong'qing'xian	廊坊市
香河县	xiang'he'xian	廊坊市
大城县	da'cheng'xian	廊坊市
文安县	wen'an'xian	廊坊市
大厂回族自治县	da'chang'hui'zu'zi'zhi'xian	廊坊市
廊坊经济技术开发区	lang'fang'jing'ji'ji'shu'kai'fa'qu	廊坊市
霸州市	ba'zhou'shi	廊坊市
三河市	san'he'shi	廊坊市
桃城区	tao'cheng'qu	衡水市
冀州区	ji'zhou'qu	衡水市
枣强县	zao'qiang'xian	衡水市
武邑县	wu'yi'xian	衡水市
武强县	wu'qiang'xian	衡水市
饶阳县	rao'yang'xian	衡水市
安平县	an'ping'xian	衡水市
故城县	gu'cheng'xian	衡水市
景县	jing'xian	衡水市
阜城县	fu'cheng'xian	衡水市
河北衡水高新技术产业开发区	he'bei'heng'shui'gao'xin'ji'shu'chan'ye'kai'fa'qu	衡水市
衡水滨湖新区	heng'shui'bin'hu'xin'qu	衡水市
深州市	shen'zhou'shi	衡水市
小店区	xiao'dian'qu	太原市
迎泽区	ying'ze'qu	太原市
杏花岭区	xing'hua'ling'qu	太原市
尖草坪区	jian'cao'ping'qu	太原市
万柏林区	wan'bai'lin'qu	太原市
晋源区	jin'yuan'qu	太原市
清徐县	qing'xu'xian	太原市
阳曲县	yang'qu'xian	太原市
娄烦县	lou'fan'xian	太原市
山西转型综合改革示范区	shan'xi'zhuan'xing'zong'he'gai'ge'shi'fan'qu	太原市
古交市	gu'jiao'shi	太原市
新荣区	xin'rong'qu	大同市
平城区	ping'cheng'qu	大同市
云冈区	yun'gang'qu	大同市
云州区	yun'zhou'qu	大同市
阳高县	yang'gao'xian	大同市
天镇县	tian'zhen'xian	大同市
广灵县	guang'ling'xian	大同市
灵丘县	ling'qiu'xian	大同市
浑源县	hun'yuan'xian	大同市
左云县	zuo'yun'xian	大同市
山西大同经济开发区	shan'xi'da'tong'jing'ji'kai'fa'qu	大同市
城区	cheng'qu	阳泉市
矿区	kuang'qu	阳泉市
郊区	jiao'qu	阳泉市
平定县	ping'ding'xian	阳泉市
盂县	yu'xian	阳泉市
潞州区	lu'zhou'qu	长治市
上党区	shang'dang'qu	长治市
屯留区	tun'liu'qu	长治市
潞城区	lu'cheng'qu	长治市
襄垣县	xiang'yuan'xian	长治市
平顺县	ping'shun'xian	长治市
黎城县	li'cheng'xian	长治市
壶关县	hu'guan'xian	长治市
长子县	zhang'zi'xian	长治市
武乡县	wu'xiang'xian	长治市
沁县	qin'xian	长治市
沁源县	qin'yuan'xian	长治市
沁水县	qin'shui'xian	晋城市
阳城县	yang'cheng'xian	晋城市
陵川县	ling'chuan'xian	晋城市
泽州县	ze'zhou'xian	晋城市
高平市	gao'ping'shi	晋城市
朔城区	shuo'cheng'qu	朔州市
平鲁区	ping'lu'qu	朔州市
山阴县	shan'yin'xian	朔州市
应县	ying'xian	朔州市
右玉县	you'yu'xian	朔州市
山西朔州经济开发区	shan'xi'shuo'zhou'jing'ji'kai'fa'qu	朔州市
怀仁市	huai'ren'shi	朔州市
榆次区	yu'ci'qu	晋中市
太谷区	tai'gu'qu	晋中市
榆社县	yu'she'xian	晋中市
左权县	zuo'quan'xian	晋中市
和顺县	he'shun'xian	晋中市
昔阳县	xi'yang'xian	晋中市
寿阳县	shou'yang'xian	晋中市
祁县	qi'xian	晋中市
平遥县	ping'yao'xian	晋中市
灵石县	ling'shi'xian	晋中市
介休市	jie'xiu'shi	晋中市
盐湖区	yan'hu'qu	运城市
临猗县	lin'yi'xian	运城市
万荣县	wan'rong'xian	运城市
闻喜县	wen'xi'xian	运城市
稷山县	ji'shan'xian	运城市
新绛县	xin'jiang'xian	运城市
绛县	jiang'xian	运城市
垣曲县	yuan'qu'xian	运城市
夏县	xia'xian	运城市
平陆县	ping'lu'xian	运城市
芮城县	rui'cheng'xian	运城市
永济市	yong'ji'shi	运城市
河津市	he'jin'shi	运城市
忻府区	xin'fu'qu	忻州市
定襄县	ding'xiang'xian	忻州市
五台县	wu'tai'xian	忻州市
代县	dai'xian	忻州市
繁峙县	fan'shi'xian	忻州市
宁武县	ning'wu'xian	忻州市
静乐县	jing'le'xian	忻州市
神池县	shen'chi'xian	忻州市
五寨县	wu'zhai'xian	忻州市
岢岚县	ke'lan'xian	忻州市
河曲县	he'qu'xian	忻州市
保德县	bao'de'xian	忻州市
偏关县	pian'guan'xian	忻州市
五台山风景名胜区	wu'tai'shan'feng'jing'ming'sheng'qu	忻州市
原平市	yuan'ping'shi	忻州市
尧都区	yao'du'qu	临汾市
曲沃县	qu'wo'xian	临汾市
翼城县	yi'cheng'xian	临汾市
襄汾县	xiang'fen'xian	临汾市
洪洞县	hong'tong'xian	临汾市
古县	gu'xian	临汾市
安泽县	an'ze'xian	临汾市
浮山县	fu'shan'xian	临汾市
吉县	ji'xian	临汾市
乡宁县	xiang'ning'xian	临汾市
大宁县	da'ning'xian	临汾市
隰县	xi'xian	临汾市
永和县	yong'he'xian	临汾市
蒲县	pu'xian	临汾市
汾西县	fen'xi'xian	临汾市
侯马市	hou'ma'shi	临汾市
霍州市	huo'zhou'shi	临汾市
离石区	li'shi'qu	吕梁市
文水县	wen'shui'xian	吕梁市
交城县	jiao'cheng'xian	吕梁市
兴县	xing'xian	吕梁市
临县	lin'xian	吕梁市
柳林县	liu'lin'xian	吕梁市
石楼县	shi'lou'xian	吕梁市
岚县	lan'xian	吕梁市
方山县	fang'shan'xian	吕梁市
中阳县	zhong'yang'xian	吕梁市
交口县	jiao'kou'xian	吕梁市
孝义市	xiao'yi'shi	吕梁市
汾阳市	fen'yang'shi	吕梁市
新城区	xin'cheng'qu	呼和浩特市
回民区	hui'min'qu	呼和浩特市
玉泉区	yu'quan'qu	呼和浩特市
赛罕区	sai'han'qu	呼和浩特市
土默特左旗	tu'mo'te'zuo'qi	呼和浩特市
托克托县	tuo'ke'tuo'xian	呼和浩特市
和林格尔县	he'lin'ge'er'xian	呼和浩特市
清水河县	qing'shui'he'xian	呼和浩特市
武川县	wu'chuan'xian	呼和浩特市
呼和浩特经济技术开发区	hu'he'hao'te'jing'ji'ji'shu'kai'fa'qu	呼和浩特市
东河区	dong'he'qu	包头市
昆都仑区	kun'du'lun'qu	包头市
青山区	qing'shan'qu	包头市
石拐区	shi'guai'qu	包头市
白云鄂博矿区	bai'yun'e'bo'kuang'qu	包头市
九原区	jiu'yuan'qu	包头市
土默特右旗	tu'mo'te'you'qi	包头市
固阳县	gu'yang'xian	包头市
达尔罕茂明安联合旗	da'er'han'mao'ming'an'lian'he'qi	包头市
包头稀土高新技术产业开发区	bao'tou'xi'tu'gao'xin'ji'shu'chan'ye'kai'fa'qu	包头市
海勃湾区	hai'bo'wan'qu	乌海市
海南区	hai'nan'qu	乌海市
乌达区	wu'da'qu	乌海市
红山区	hong'shan'qu	赤峰市
元宝山区	yuan'bao'shan'qu	赤峰市
松山区	song'shan'qu	赤峰市
阿鲁科尔沁旗	a'lu'ke'er'qin'qi	赤峰市
巴林左旗	ba'lin'zuo'qi	赤峰市
巴林右旗	ba'lin'you'qi	赤峰市
林西县	lin'xi'xian	赤峰市
克什克腾旗	ke'shi'ke'teng'qi	赤峰市
翁牛特旗	weng'niu'te'qi	赤峰市
喀喇沁旗	ka'la'qin'qi	赤峰市
宁城县	ning'cheng'xian	赤峰市
敖汉旗	ao'han'qi	赤峰市
科尔沁区	ke'er'qin'qu	通辽市
科尔沁左翼中旗	ke'er'qin'zuo'yi'zhong'qi	通辽市
科尔沁左翼后旗	ke'er'qin'zuo'yi'hou'qi	通辽市
开鲁县	kai'lu'xian	通辽市
库伦旗	ku'lun'qi	通辽市
奈曼旗	nai'man'qi	通辽市
扎鲁特旗	zha'lu'te'qi	通辽市
通辽经济技术开发区	tong'liao'jing'ji'ji'shu'kai'fa'qu	通辽市
霍林郭勒市	huo'lin'guo'le'shi	通辽市
东胜区	dong'sheng'qu	鄂尔多斯市
康巴什区	kang'ba'shi'qu	鄂尔多斯市
达拉特旗	da'la'te'qi	鄂尔多斯市
准格尔旗	zhun'ge'er'qi	鄂尔多斯市
鄂托克前旗	e'tuo'ke'qian'qi	鄂尔多斯市
鄂托克旗	e'tuo'ke'qi	鄂尔多斯市
杭锦旗	hang'jin'qi	鄂尔多斯市
乌审旗	wu'shen'qi	鄂尔多斯市
伊金霍洛旗	yi'jin'huo'luo'qi	鄂尔多斯市
海拉尔区	hai'la'er'qu	呼伦贝尔市
扎赉诺尔区	zha'lai'nuo'er'qu	呼伦贝尔市
阿荣旗	a'rong'qi	呼伦贝尔市
莫力达瓦达斡尔族自治旗	mo'li'da'wa'da'wo'er'zu'zi'zhi'qi	呼伦贝尔市
鄂伦春自治旗	e'lun'chun'zi'zhi'qi	呼伦贝尔市
鄂温克族自治旗	e'wen'ke'zu'zi'zhi'qi	呼伦贝尔市
陈巴尔虎旗	chen'ba'er'hu'qi	呼伦贝尔市
新巴尔虎左旗	xin'ba'er'hu'zuo'qi	呼伦贝尔市
新巴尔虎右旗	xin'ba'er'hu'you'qi	呼伦贝尔市
满洲里市	man'zhou'li'shi	呼伦贝尔市
牙克石市	ya'ke'shi'shi	呼伦贝尔市
扎兰屯市	zha'lan'tun'shi	呼伦贝尔市
额尔古纳市	e'er'gu'na'shi	呼伦贝尔市
根河市	gen'he'shi	呼伦贝尔市
临河区	lin'he'qu	巴彦淖尔市
五原县	wu'yuan'xian	巴彦淖尔市
磴口县	deng'kou'xian	巴彦淖尔市
乌拉特前旗	wu'la'te'qian'qi	巴彦淖尔市
乌拉特中旗	wu'la'te'zhong'qi	巴彦淖尔市
乌拉特后旗	wu'la'te'hou'qi	巴彦淖尔市
杭锦后旗	hang'jin'hou'qi	巴彦淖尔市
集宁区	ji'ning'qu	乌兰察布市
卓资县	zhuo'zi'xian	乌兰察布市
化德县	hua'de'xian	乌兰察布市
商都县	shang'du'xian	乌兰察布市
兴和县	xing'he'xian	乌兰察布市
凉城县	liang'cheng'xian	乌兰察布市
察哈尔右翼前旗	cha'ha'er'you'yi'qian'qi	乌兰察布市
察哈尔右翼中旗	cha'ha'er'you'yi'zhong'qi	乌兰察布市
察哈尔右翼后旗	cha'ha'er'you'yi'hou'qi	乌兰察布市
四子王旗	si'zi'wang'qi	乌兰察布市
丰镇市	feng'zhen'shi	乌兰察布市
乌兰浩特市	wu'lan'hao'te'shi	兴安盟
阿尔山市	a'er'shan'shi	兴安盟
科尔沁右翼前旗	ke'er'qin'you'yi'qian'qi	兴安盟
科尔沁右翼中旗	ke'er'qin'you'yi'zhong'qi	兴安盟
扎赉特旗	zha'lai'te'qi	兴安盟
突泉县	tu'quan'xian	兴安盟
二连浩特市	er'lian'hao'te'shi	锡林郭勒盟
锡林浩特市	xi'lin'hao'te'shi	锡林郭勒盟
阿巴嘎旗	a'ba'ga'qi	锡林郭勒盟
苏尼特左旗	su'ni'te'zuo'qi	锡林郭勒盟
苏尼特右旗	su'ni'te'you'qi	锡林郭勒盟
东乌珠穆沁旗	dong'wu'zhu'mu'qin'qi	锡林郭勒盟
西乌珠穆沁旗	xi'wu'zhu'mu'qin'qi	锡林郭勒盟
太仆寺旗	tai'pu'si'qi	锡林郭勒盟
镶黄旗	xiang'huang'qi	锡林郭勒盟
正镶白旗	zheng'xiang'bai'qi	锡林郭勒盟
正蓝旗	zheng'lan'qi	锡林郭勒盟
多伦县	duo'lun'xian	锡林郭勒盟
乌拉盖管理区管委会	wu'la'gai'guan'li'qu'guan'wei'hui	锡林郭勒盟
阿拉善左旗	a'la'shan'zuo'qi	阿拉善盟
阿拉善右旗	a'la'shan'you'qi	阿拉善盟
额济纳旗	e'ji'na'qi	阿拉善盟
内蒙古阿拉善高新技术产业开发区	nei'meng'gu'a'la'shan'gao'xin'ji'shu'chan'ye'kai'fa'qu	阿拉善盟
沈河区	shen'he'qu	沈阳市
大东区	da'dong'qu	沈阳市
皇姑区	huang'gu'qu	沈阳市
铁西区	tie'xi'qu	沈阳市
苏家屯区	su'jia'tun'qu	沈阳市
浑南区	hun'nan'qu	沈阳市
沈北新区	shen'bei'xin'qu	沈阳市
于洪区	yu'hong'qu	沈阳市
辽中区	liao'zhong'qu	沈阳市
康平县	kang'ping'xian	沈阳市
法库县	fa'ku'xian	沈阳市
新民市	xin'min'shi	沈阳市
中山区	zhong'shan'qu	大连市
西岗区	xi'gang'qu	大连市
沙河口区	sha'he'kou'qu	大连市
甘井子区	gan'jing'zi'qu	大连市
旅顺口区	lv'shun'kou'qu	大连市
金州区	jin'zhou'qu	大连市
普兰店区	pu'lan'dian'qu	大连市
长海县	chang'hai'xian	大连市
瓦房店市	wa'fang'dian'shi	大连市
庄河市	zhuang'he'shi	大连市
铁东区	tie'dong'qu	鞍山市
立山区	li'shan'qu	鞍山市
千山区	qian'shan'qu	鞍山市
台安县	tai'an'xian	鞍山市
岫岩满族自治县	xiu'yan'man'zu'zi'zhi'xian	鞍山市
海城市	hai'cheng'shi	鞍山市
新抚区	xin'fu'qu	抚顺市
东洲区	dong'zhou'qu	抚顺市
望花区	wang'hua'qu	抚顺市
顺城区	shun'cheng'qu	抚顺市
抚顺县	fu'shun'xian	抚顺市
新宾满族自治县	xin'bin'man'zu'zi'zhi'xian	抚顺市
清原满族自治县	qing'yuan'man'zu'zi'zhi'xian	抚顺市
平山区	ping'shan'qu	本溪市
溪湖区	xi'hu'qu	本溪市
明山区	ming'shan'qu	本溪市
南芬区	nan'fen'qu	本溪市
本溪满族自治县	ben'xi'man'zu'zi'zhi'xian	本溪市
桓仁满族自治县	huan'ren'man'zu'zi'zhi'xian	本溪市
元宝区	yuan'bao'qu	丹东市
振兴区	zhen'xing'qu	丹东市
振安区	zhen'an'qu	丹东市
宽甸满族自治县	kuan'dian'man'zu'zi'zhi'xian	丹东市
东港市	dong'gang'shi	丹东市
凤城市	feng'cheng'shi	丹东市
古塔区	gu'ta'qu	锦州市
凌河区	ling'he'qu	锦州市
太和区	tai'he'qu	锦州市
黑山县	hei'shan'xian	锦州市
义县	yi'xian	锦州市
凌海市	ling'hai'shi	锦州市
北镇市	bei'zhen'shi	锦州市
站前区	zhan'qian'qu	营口市
西市区	xi'shi'qu	营口市
鲅鱼圈区	ba'yu'quan'qu	营口市
老边区	lao'bian'qu	营口市
盖州市	gai'zhou'shi	营口市
大石桥市	da'shi'qiao'shi	营口市
海州区	hai'zhou'qu	阜新市
新邱区	xin'qiu'qu	阜新市
太平区	tai'ping'qu	阜新市
清河门区	qing'he'men'qu	阜新市
细河区	xi'he'qu	阜新市
阜新蒙古族自治县	fu'xin'meng'gu'zu'zi'zhi'xian	阜新市
彰武县	zhang'wu'xian	阜新市
白塔区	bai'ta'qu	辽阳市
文圣区	wen'sheng'qu	辽阳市
宏伟区	hong'wei'qu	辽阳市
弓长岭区	gong'chang'ling'qu	辽阳市
太子河区	tai'zi'he'qu	辽阳市
辽阳县	liao'yang'xian	辽阳市
灯塔市	deng'ta'shi	辽阳市
双台子区	shuang'tai'zi'qu	盘锦市
兴隆台区	xing'long'tai'qu	盘锦市
大洼区	da'wa'qu	盘锦市
盘山县	pan'shan'xian	盘锦市
银州区	yin'zhou'qu	铁岭市
清河区	qing'he'qu	铁岭市
铁岭县	tie'ling'xian	铁岭市
西丰县	xi'feng'xian	铁岭市
昌图县	chang'tu'xian	铁岭市
调兵山市	diao'bing'shan'shi	铁岭市
开原市	kai'yuan'shi	铁岭市
双塔区	shuang'ta'qu	朝阳市
龙城区	long'cheng'qu	朝阳市
朝阳县	chao'yang'xian	朝阳市
建平县	jian'ping'xian	朝阳市
喀喇沁左翼蒙古族自治县	ka'la'qin'zuo'yi'meng'gu'zu'zi'zhi'xian	朝阳市
北票市	bei'piao'shi	朝阳市
凌源市	ling'yuan'shi	朝阳市
连山区	lian'shan'qu	葫芦岛市
龙港区	long'gang'qu	葫芦岛市
南票区	nan'piao'qu	葫芦岛市
绥中县	sui'zhong'xian	葫芦岛市
建昌县	jian'chang'xian	葫芦岛市
兴城市	xing'cheng'shi	葫芦岛市
南关区	nan'guan'qu	长春市
宽城区	kuan'cheng'qu	长春市
二道区	er'dao'qu	长春市
绿园区	lv'yuan'qu	长春市
双阳区	shuang'yang'qu	长春市
九台区	jiu'tai'qu	长春市
农安县	nong'an'xian	长春市
长春经济技术开发区	chang'chun'jing'ji'ji'shu'kai'fa'qu	长春市
长春净月高新技术产业开发区	chang'chun'jing'yue'gao'xin'ji'shu'chan'ye'kai'fa'qu	长春市
长春高新技术产业开发区	chang'chun'gao'xin'ji'shu'chan'ye'kai'fa'qu	长春市
长春汽车经济技术开发区	chang'chun'qi'che'jing'ji'ji'shu'kai'fa'qu	长春市
榆树市	yu'shu'shi	长春市
德惠市	de'hui'shi	长春市
公主岭市	gong'zhu'ling'shi	长春市
昌邑区	chang'yi'qu	吉林市
龙潭区	long'tan'qu	吉林市
船营区	chuan'ying'qu	吉林市
丰满区	feng'man'qu	吉林市
永吉县	yong'ji'xian	吉林市
吉林经济开发区	ji'lin'jing'ji'kai'fa'qu	吉林市
吉林高新技术产业开发区	ji'lin'gao'xin'ji'shu'chan'ye'kai'fa'qu	吉林市
吉林中国新加坡食品区	ji'lin'zhong'guo'xin'jia'po'shi'pin'qu	吉林市
蛟河市	jiao'he'shi	吉林市
桦甸市	hua'dian'shi	吉林市
舒兰市	shu'lan'shi	吉林市
磐石市	pan'shi'shi	吉林市
梨树县	li'shu'xian	四平市
伊通满族自治县	yi'tong'man'zu'zi'zhi'xian	四平市
双辽市	shuang'liao'shi	四平市
龙山区	long'shan'qu	辽源市
西安区	xi'an'qu	辽源市
东丰县	dong'feng'xian	辽源市
东辽县	dong'liao'xian	辽源市
东昌区	dong'chang'qu	通化市
二道江区	er'dao'jiang'qu	通化市
通化县	tong'hua'xian	通化市
辉南县	hui'nan'xian	通化市
柳河县	liu'he'xian	通化市
梅河口市	mei'he'kou'shi	通化市
集安市	ji'an'shi	通化市
浑江区	hun'jiang'qu	白山市
江源区	jiang'yuan'qu	白山市
抚松县	fu'song'xian	白山市
靖宇县	jing'yu'xian	白山市
长白朝鲜族自治县	chang'bai'chao'xian'zu'zi'zhi'xian	白山市
临江市	lin'jiang'shi	白山市
宁江区	ning'jiang'qu	松原市
前郭尔罗斯蒙古族自治县	qian'guo'er'luo'si'meng'gu'zu'zi'zhi'xian	松原市
长岭县	chang'ling'xian	松原市
乾安县	qian'an'xian	松原市
吉林松原经济开发区	ji'lin'song'yuan'jing'ji'kai'fa'qu	松原市
扶余市	fu'yu'shi	松原市
洮北区	tao'bei'qu	白城市
镇赉县	zhen'lai'xian	白城市
通榆县	tong'yu'xian	白城市
吉林白城经济开发区	ji'lin'bai'cheng'jing'ji'kai'fa'qu	白城市
洮南市	tao'nan'shi	白城市
大安市	da'an'shi	白城市
延吉市	yan'ji'shi	延边朝鲜族自治州
图们市	tu'men'shi	延边朝鲜族自治州
敦化市	dun'hua'shi	延边朝鲜族自治州
珲春市	hun'chun'shi	延边朝鲜族自治州
龙井市	long'jing'shi	延边朝鲜族自治州
和龙市	he'long'shi	延边朝鲜族自治州
汪清县	wang'qing'xian	延边朝鲜族自治州
安图县	an'tu'xian	延边朝鲜族自治州
道里区	dao'li'qu	哈尔滨市
南岗区	nan'gang'qu	哈尔滨市
道外区	dao'wai'qu	哈尔滨市
平房区	ping'fang'qu	哈尔滨市
松北区	song'bei'qu	哈尔滨市
香坊区	xiang'fang'qu	哈尔滨市
呼兰区	hu'lan'qu	哈尔滨市
阿城区	a'cheng'qu	哈尔滨市
双城区	shuang'cheng'qu	哈尔滨市
依兰县	yi'lan'xian	哈尔滨市
方正县	fang'zheng'xian	哈尔滨市
宾县	bin'xian	哈尔滨市
巴彦县	ba'yan'xian	哈尔滨市
木兰县	mu'lan'xian	哈尔滨市
通河县	tong'he'xian	哈尔滨市
延寿县	yan'shou'xian	哈尔滨市
尚志市	shang'zhi'shi	哈尔滨市
五常市	wu'chang'shi	哈尔滨市
龙沙区	long'sha'qu	齐齐哈尔市
建华区	jian'hua'qu	齐齐哈尔市
铁锋区	tie'feng'qu	齐齐哈尔市
昂昂溪区	ang'ang'xi'qu	齐齐哈尔市
富拉尔基区	fu'la'er'ji'qu	齐齐哈尔市
碾子山区	nian'zi'shan'qu	齐齐哈尔市
梅里斯达斡尔族区	mei'li'si'da'wo'er'zu'qu	齐齐哈尔市
龙江县	long'jiang'xian	齐齐哈尔市
依安县	yi'an'xian	齐齐哈尔市
泰来县	tai'lai'xian	齐齐哈尔市
甘南县	gan'nan'xian	齐齐哈尔市
富裕县	fu'yu'xian	齐齐哈尔市
克山县	ke'shan'xian	齐齐哈尔市
克东县	ke'dong'xian	齐齐哈尔市
拜泉县	bai'quan'xian	齐齐哈尔市
讷河市	ne'he'shi	齐齐哈尔市
鸡冠区	ji'guan'qu	鸡西市
恒山区	heng'shan'qu	鸡西市
滴道区	di'dao'qu	鸡西市
梨树区	li'shu'qu	鸡西市
城子河区	cheng'zi'he'qu	鸡西市
麻山区	ma'shan'qu	鸡西市
鸡东县	ji'dong'xian	鸡西市
虎林市	hu'lin'shi	鸡西市
密山市	mi'shan'shi	鸡西市
向阳区	xiang'yang'qu	鹤岗市
工农区	gong'nong'qu	鹤岗市
南山区	nan'shan'qu	鹤岗市
兴安区	xing'an'qu	鹤岗市
东山区	dong'shan'qu	鹤岗市
兴山区	xing'shan'qu	鹤岗市
萝北县	luo'bei'xian	鹤岗市
绥滨县	sui'bin'xian	鹤岗市
尖山区	jian'shan'qu	双鸭山市
岭东区	ling'dong'qu	双鸭山市
四方台区	si'fang'tai'qu	双鸭山市
宝山区	bao'shan'qu	双鸭山市
集贤县	ji'xian'xian	双鸭山市
友谊县	you'yi'xian	双鸭山市
宝清县	bao'qing'xian	双鸭山市
饶河县	rao'he'xian	双鸭山市
萨尔图区	sa'er'tu'qu	大庆市
龙凤区	long'feng'qu	大庆市
让胡路区	rang'hu'lu'qu	大庆市
红岗区	hong'gang'qu	大庆市
大同区	da'tong'qu	大庆市
肇州县	zhao'zhou'xian	大庆市
肇源县	zhao'yuan'xian	大庆市
林甸县	lin'dian'xian	大庆市
杜尔伯特蒙古族自治县	du'er'bo'te'meng'gu'zu'zi'zhi'xian	大庆市
大庆高新技术产业开发区	da'qing'gao'xin'ji'shu'chan'ye'kai'fa'qu	大庆市
伊美区	yi'mei'qu	伊春市
乌翠区	wu'cui'qu	伊春市
友好区	you'hao'qu	伊春市
嘉荫县	jia'yin'xian	伊春市
汤旺县	tang'wang'xian	伊春市
丰林县	feng'lin'xian	伊春市
大箐山县	da'qing'shan'xian	伊春市
南岔县	nan'cha'xian	伊春市
金林区	jin'lin'qu	伊春市
铁力市	tie'li'shi	伊春市
前进区	qian'jin'qu	佳木斯市
东风区	dong'feng'qu	佳木斯市
桦南县	hua'nan'xian	佳木斯市
桦川县	hua'chuan'xian	佳木斯市
汤原县	tang'yuan'xian	佳木斯市
同江市	tong'jiang'shi	佳木斯市
富锦市	fu'jin'shi	佳木斯市
抚远市	fu'yuan'shi	佳木斯市
新兴区	xin'xing'qu	七台河市
桃山区	tao'shan'qu	七台河市
茄子河区	qie'zi'he'qu	七台河市
勃利县	bo'li'xian	七台河市
东安区	dong'an'qu	牡丹江市
阳明区	yang'ming'qu	牡丹江市
爱民区	ai'min'qu	牡丹江市
林口县	lin'kou'xian	牡丹江市
绥芬河市	sui'fen'he'shi	牡丹江市
海林市	hai'lin'shi	牡丹江市
宁安市	ning'an'shi	牡丹江市
穆棱市	mu'ling'shi	牡丹江市
东宁市	dong'ning'shi	牡丹江市
爱辉区	ai'hui'qu	黑河市
逊克县	xun'ke'xian	黑河市
孙吴县	sun'wu'xian	黑河市
北安市	bei'an'shi	黑河市
五大连池市	wu'da'lian'chi'shi	黑河市
嫩江市	nen'jiang'shi	黑河市
北林区	bei'lin'qu	绥化市
望奎县	wang'kui'xian	绥化市
兰西县	lan'xi'xian	绥化市
青冈县	qing'gang'xian	绥化市
庆安县	qing'an'xian	绥化市
明水县	ming'shui'xian	绥化市
绥棱县	sui'leng'xian	绥化市
安达市	an'da'shi	绥化市
肇东市	zhao'dong'shi	绥化市
海伦市	hai'lun'shi	绥化市
漠河市	mo'he'shi	大兴安岭地区
呼玛县	hu'ma'xian	大兴安岭地区
塔河县	ta'he'xian	大兴安岭地区
加格达奇区	jia'ge'da'qi'qu	大兴安岭地区
松岭区	song'ling'qu	大兴安岭地区
新林区	xin'lin'qu	大兴安岭地区
呼中区	hu'zhong'qu	大兴安岭地区
黄浦区	huang'pu'qu	上海市
徐汇区	xu'hui'qu	上海市
长宁区	chang'ning'qu	上海市
静安区	jing'an'qu	上海市
普陀区	pu'tuo'qu	上海市
虹口区	hong'kou'qu	上海市
杨浦区	yang'pu'qu	上海市
闵行区	min'hang'qu	上海市
嘉定区	jia'ding'qu	上海市
浦东新区	pu'dong'xin'qu	上海市
金山区	jin'shan'qu	上海市
松江区	song'jiang'qu	上海市
青浦区	qing'pu'qu	上海市
奉贤区	feng'xian'qu	上海市
崇明区	chong'ming'qu	上海市
玄武区	xuan'wu'qu	南京市
秦淮区	qin'huai'qu	南京市
建邺区	jian'ye'qu	南京市
鼓楼区	gu'lou'qu	南京市
浦口区	pu'kou'qu	南京市
栖霞区	qi'xia'qu	南京市
雨花台区	yu'hua'tai'qu	南京市
江宁区	jiang'ning'qu	南京市
六合区	lu'he'qu	南京市
溧水区	li'shui'qu	南京市
高淳区	gao'chun'qu	南京市
锡山区	xi'shan'qu	无锡市
惠山区	hui'shan'qu	无锡市
滨湖区	bin'hu'qu	无锡市
梁溪区	liang'xi'qu	无锡市
新吴区	xin'wu'qu	无锡市
江阴市	jiang'yin'shi	无锡市
宜兴市	yi'xing'shi	无锡市
云龙区	yun'long'qu	徐州市
贾汪区	jia'wang'qu	徐州市
泉山区	quan'shan'qu	徐州市
铜山区	tong'shan'qu	徐州市
丰县	feng'xian	徐州市
沛县	pei'xian	徐州市
睢宁县	sui'ning'xian	徐州市
徐州经济技术开发区	xu'zhou'jing'ji'ji'shu'kai'fa'qu	徐州市
新沂市	xin'yi'shi	徐州市
邳州市	pi'zhou'shi	徐州市
天宁区	tian'ning'qu	常州市
钟楼区	zhong'lou'qu	常州市
新北区	xin'bei'qu	常州市
武进区	wu'jin'qu	常州市
金坛区	jin'tan'qu	常州市
溧阳市	li'yang'shi	常州市
虎丘区	hu'qiu'qu	苏州市
吴中区	wu'zhong'qu	苏州市
相城区	xiang'cheng'qu	苏州市
姑苏区	gu'su'qu	苏州市
吴江区	wu'jiang'qu	苏州市
苏州工业园区	su'zhou'gong'ye'yuan'qu	苏州市
常熟市	chang'shu'shi	苏州市
张家港市	zhang'jia'gang'shi	苏州市
昆山市	kun'shan'shi	苏州市
太仓市	tai'cang'shi	苏州市
崇川区	chong'chuan'qu	南通市
海门区	hai'men'qu	南通市
如东县	ru'dong'xian	南通市
南通经济技术开发区	nan'tong'jing'ji'ji'shu'kai'fa'qu	南通市
启东市	qi'dong'shi	南通市
如皋市	ru'gao'shi	南通市
海安市	hai'an'shi	南通市
连云区	lian'yun'qu	连云港市
赣榆区	gan'yu'qu	连云港市
东海县	dong'hai'xian	连云港市
灌云县	guan'yun'xian	连云港市
灌南县	guan'nan'xian	连云港市
连云港经济技术开发区	lian'yun'gang'jing'ji'ji'shu'kai'fa'qu	连云港市
淮安区	huai'an'qu	淮安市
淮阴区	huai'yin'qu	淮安市
清江浦区	qing'jiang'pu'qu	淮安市
洪泽区	hong'ze'qu	淮安市
涟水县	lian'shui'xian	淮安市
盱眙县	xu'yi'xian	淮安市
金湖县	jin'hu'xian	淮安市
淮安经济技术开发区	huai'an'jing'ji'ji'shu'kai'fa'qu	淮安市
亭湖区	ting'hu'qu	盐城市
盐都区	yan'du'qu	盐城市
大丰区	da'feng'qu	盐城市
响水县	xiang'shui'xian	盐城市
滨海县	bin'hai'xian	盐城市
阜宁县	fu'ning'xian	盐城市
射阳县	she'yang'xian	盐城市
建湖县	jian'hu'xian	盐城市
盐城经济技术开发区	yan'cheng'jing'ji'ji'shu'kai'fa'qu	盐城市
东台市	dong'tai'shi	盐城市
广陵区	guang'ling'qu	扬州市
邗江区	han'jiang'qu	扬州市
江都区	jiang'du'qu	扬州市
宝应县	bao'ying'xian	扬州市
扬州经济技术开发区	yang'zhou'jing'ji'ji'shu'kai'fa'qu	扬州市
仪征市	yi'zheng'shi	扬州市
高邮市	gao'you'shi	扬州市
京口区	jing'kou'qu	镇江市
润州区	run'zhou'qu	镇江市
丹徒区	dan'tu'qu	镇江市
镇江新区	zhen'jiang'xin'qu	镇江市
丹阳市	dan'yang'shi	镇江市
扬中市	yang'zhong'shi	镇江市
句容市	ju'rong'shi	镇江市
海陵区	hai'ling'qu	泰州市
高港区	gao'gang'qu	泰州市
姜堰区	jiang'yan'qu	泰州市
兴化市	xing'hua'shi	泰州市
靖江市	jing'jiang'shi	泰州市
泰兴市	tai'xing'shi	泰州市
宿城区	su'cheng'qu	宿迁市
宿豫区	su'yu'qu	宿迁市
沭阳县	shu'yang'xian	宿迁市
泗阳县	si'yang'xian	宿迁市
泗洪县	si'hong'xian	宿迁市
宿迁经济技术开发区	su'qian'jing'ji'ji'shu'kai'fa'qu	宿迁市
上城区	shang'cheng'qu	杭州市
拱墅区	gong'shu'qu	杭州市
西湖区	xi'hu'qu	杭州市
滨江区	bin'jiang'qu	杭州市
萧山区	xiao'shan'qu	杭州市
余杭区	yu'hang'qu	杭州市
富阳区	fu'yang'qu	杭州市
临安区	lin'an'qu	杭州市
临平区	lin'ping'qu	杭州市
钱塘区	qian'tang'qu	杭州市
桐庐县	tong'lu'xian	杭州市
淳安县	chun'an'xian	杭州市
建德市	jian'de'shi	杭州市
海曙区	hai'shu'qu	宁波市
江北区	jiang'bei'qu	宁波市
北仑区	bei'lun'qu	宁波市
镇海区	zhen'hai'qu	宁波市
鄞州区	yin'zhou'qu	宁波市
奉化区	feng'hua'qu	宁波市
象山县	xiang'shan'xian	宁波市
宁海县	ning'hai'xian	宁波市
余姚市	yu'yao'shi	宁波市
慈溪市	ci'xi'shi	宁波市
鹿城区	lu'cheng'qu	温州市
龙湾区	long'wan'qu	温州市
瓯海区	ou'hai'qu	温州市
洞头区	dong'tou'qu	温州市
永嘉县	yong'jia'xian	温州市
平阳县	ping'yang'xian	温州市
苍南县	cang'nan'xian	温州市
文成县	wen'cheng'xian	温州市
泰顺县	tai'shun'xian	温州市
瑞安市	rui'an'shi	温州市
乐清市	yue'qing'shi	温州市
龙港市	long'gang'shi	温州市
南湖区	nan'hu'qu	嘉兴市
秀洲区	xiu'zhou'qu	嘉兴市
嘉善县	jia'shan'xian	嘉兴市
海盐县	hai'yan'xian	嘉兴市
海宁市	hai'ning'shi	嘉兴市
平湖市	ping'hu'shi	嘉兴市
桐乡市	tong'xiang'shi	嘉兴市
吴兴区	wu'xing'qu	湖州市
南浔区	nan'xun'qu	湖州市
德清县	de'qing'xian	湖州市
长兴县	chang'xing'xian	湖州市
安吉县	an'ji'xian	湖州市
越城区	yue'cheng'qu	绍兴市
柯桥区	ke'qiao'qu	绍兴市
上虞区	shang'yu'qu	绍兴市
新昌县	xin'chang'xian	绍兴市
诸暨市	zhu'ji'shi	绍兴市
嵊州市	sheng'zhou'shi	绍兴市
婺城区	wu'cheng'qu	金华市
金东区	jin'dong'qu	金华市
武义县	wu'yi'xian	金华市
浦江县	pu'jiang'xian	金华市
磐安县	pan'an'xian	金华市
兰溪市	lan'xi'shi	金华市
义乌市	yi'wu'shi	金华市
东阳市	dong'yang'shi	金华市
永康市	yong'kang'shi	金华市
柯城区	ke'cheng'qu	衢州市
衢江区	qu'jiang'qu	衢州市
常山县	chang'shan'xian	衢州市
开化县	kai'hua'xian	衢州市
龙游县	long'you'xian	衢州市
江山市	jiang'shan'shi	衢州市
定海区	ding'hai'qu	舟山市
岱山县	dai'shan'xian	舟山市
嵊泗县	sheng'si'xian	舟山市
椒江区	jiao'jiang'qu	台州市
黄岩区	huang'yan'qu	台州市
路桥区	lu'qiao'qu	台州市
三门县	san'men'xian	台州市
天台县	tian'tai'xian	台州市
仙居县	xian'ju'xian	台州市
温岭市	wen'ling'shi	台州市
临海市	lin'hai'shi	台州市
玉环市	yu'huan'shi	台州市
莲都区	lian'du'qu	丽水市
青田县	qing'tian'xian	丽水市
缙云县	jin'yun'xian	丽水市
遂昌县	sui'chang'xian	丽水市
松阳县	song'yang'xian	丽水市
云和县	yun'he'xian	丽水市
庆元县	qing'yuan'xian	丽水市
景宁畲族自治县	jing'ning'she'zu'zi'zhi'xian	丽水市
龙泉市	long'quan'shi	丽水市
瑶海区	yao'hai'qu	合肥市
庐阳区	lu'yang'qu	合肥市
蜀山区	shu'shan'qu	合肥市
包河区	bao'he'qu	合肥市
长丰县	chang'feng'xian	合肥市
肥东县	fei'dong'xian	合肥市
肥西县	fei'xi'xian	合肥市
庐江县	lu'jiang'xian	合肥市
合肥高新技术产业开发区	he'fei'gao'xin'ji'shu'chan'ye'kai'fa'qu	合肥市
合肥经济技术开发区	he'fei'jing'ji'ji'shu'kai'fa'qu	合肥市
合肥新站高新技术产业开发区	he'fei'xin'zhan'gao'xin'ji'shu'chan'ye'kai'fa'qu	合肥市
巢湖市	chao'hu'shi	合肥市
镜湖区	jing'hu'qu	芜湖市
鸠江区	jiu'jiang'qu	芜湖市
弋江区	yi'jiang'qu	芜湖市
湾沚区	wan'zhi'qu	芜湖市
繁昌区	fan'chang'qu	芜湖市
南陵县	nan'ling'xian	芜湖市
芜湖经济技术开发区	wu'hu'jing'ji'ji'shu'kai'fa'qu	芜湖市
安徽芜湖三山经济开发区	an'hui'wu'hu'san'shan'jing'ji'kai'fa'qu	芜湖市
无为市	wu'wei'shi	芜湖市
龙子湖区	long'zi'hu'qu	蚌埠市
蚌山区	beng'shan'qu	蚌埠市
禹会区	yu'hui'qu	蚌埠市
淮上区	huai'shang'qu	蚌埠市
怀远县	huai'yuan'xian	蚌埠市
五河县	wu'he'xian	蚌埠市
固镇县	gu'zhen'xian	蚌埠市
蚌埠市高新技术开发区	beng'bu'shi'gao'xin'ji'shu'kai'fa'qu	蚌埠市
蚌埠市经济开发区	beng'bu'shi'jing'ji'kai'fa'qu	蚌埠市
大通区	da'tong'qu	淮南市
田家庵区	tian'jia'an'qu	淮南市
谢家集区	xie'jia'ji'qu	淮南市
八公山区	ba'gong'shan'qu	淮南市
潘集区	pan'ji'qu	淮南市
凤台县	feng'tai'xian	淮南市
寿县	shou'xian	淮南市
花山区	hua'shan'qu	马鞍山市
雨山区	yu'shan'qu	马鞍山市
博望区	bo'wang'qu	马鞍山市
当涂县	dang'tu'xian	马鞍山市
含山县	han'shan'xian	马鞍山市
和县	he'xian	马鞍山市
杜集区	du'ji'qu	淮北市
相山区	xiang'shan'qu	淮北市
烈山区	lie'shan'qu	淮北市
濉溪县	sui'xi'xian	淮北市
铜官区	tong'guan'qu	铜陵市
义安区	yi'an'qu	铜陵市
枞阳县	zong'yang'xian	铜陵市
迎江区	ying'jiang'qu	安庆市
大观区	da'guan'qu	安庆市
宜秀区	yi'xiu'qu	安庆市
怀宁县	huai'ning'xian	安庆市
太湖县	tai'hu'xian	安庆市
宿松县	su'song'xian	安庆市
望江县	wang'jiang'xian	安庆市
岳西县	yue'xi'xian	安庆市
安徽安庆经济开发区	an'hui'an'qing'jing'ji'kai'fa'qu	安庆市
桐城市	tong'cheng'shi	安庆市
潜山市	qian'shan'shi	安庆市
屯溪区	tun'xi'qu	黄山市
黄山区	huang'shan'qu	黄山市
徽州区	hui'zhou'qu	黄山市
歙县	she'xian	黄山市
休宁县	xiu'ning'xian	黄山市
黟县	yi'xian	黄山市
祁门县	qi'men'xian	黄山市
琅琊区	lang'ya'qu	滁州市
南谯区	nan'qiao'qu	滁州市
来安县	lai'an'xian	滁州市
全椒县	quan'jiao'xian	滁州市
定远县	ding'yuan'xian	滁州市
凤阳县	feng'yang'xian	滁州市
中新苏滁高新技术产业开发区	zhong'xin'su'chu'gao'xin'ji'shu'chan'ye'kai'fa'qu	滁州市
滁州经济技术开发区	chu'zhou'jing'ji'ji'shu'kai'fa'qu	滁州市
天长市	tian'chang'shi	滁州市
明光市	ming'guang'shi	滁州市
颍州区	ying'zhou'qu	阜阳市
颍东区	ying'dong'qu	阜阳市
颍泉区	ying'quan'qu	阜阳市
临泉县	lin'quan'xian	阜阳市
太和县	tai'he'xian	阜阳市
阜南县	fu'nan'xian	阜阳市
颍上县	ying'shang'xian	阜阳市
阜阳合肥现代产业园区	fu'yang'he'fei'xian'dai'chan'ye'yuan'qu	阜阳市
阜阳经济技术开发区	fu'yang'jing'ji'ji'shu'kai'fa'qu	阜阳市
界首市	jie'shou'shi	阜阳市
埇桥区	yong'qiao'qu	宿州市
砀山县	dang'shan'xian	宿州市
萧县	xiao'xian	宿州市
灵璧县	ling'bi'xian	宿州市
泗县	si'xian	宿州市
宿州马鞍山现代产业园区	su'zhou'ma'an'shan'xian'dai'chan'ye'yuan'qu	宿州市
宿州经济技术开发区	su'zhou'jing'ji'ji'shu'kai'fa'qu	宿州市
金安区	jin'an'qu	六安市
裕安区	yu'an'qu	六安市
叶集区	ye'ji'qu	六安市
霍邱县	huo'qiu'xian	六安市
舒城县	shu'cheng'xian	六安市
金寨县	jin'zhai'xian	六安市
霍山县	huo'shan'xian	六安市
谯城区	qiao'cheng'qu	亳州市
涡阳县	guo'yang'xian	亳州市
蒙城县	meng'cheng'xian	亳州市
利辛县	li'xin'xian	亳州市
贵池区	gui'chi'qu	池州市
东至县	dong'zhi'xian	池州市
石台县	shi'tai'xian	池州市
青阳县	qing'yang'xian	池州市
宣州区	xuan'zhou'qu	宣城市
郎溪县	lang'xi'xian	宣城市
泾县	jing'xian	宣城市
绩溪县	ji'xi'xian	宣城市
旌德县	jing'de'xian	宣城市
宣城市经济开发区	xuan'cheng'shi'jing'ji'kai'fa'qu	宣城市
宁国市	ning'guo'shi	宣城市
广德市	guang'de'shi	宣城市
台江区	tai'jiang'qu	福州市
仓山区	cang'shan'qu	福州市
马尾区	ma'wei'qu	福州市
晋安区	jin'an'qu	福州市
长乐区	chang'le'qu	福州市
闽侯县	min'hou'xian	福州市
连江县	lian'jiang'xian	福州市
罗源县	luo'yuan'xian	福州市
闽清县	min'qing'xian	福州市
永泰县	yong'tai'xian	福州市
平潭县	ping'tan'xian	福州市
福清市	fu'qing'shi	福州市
思明区	si'ming'qu	厦门市
海沧区	hai'cang'qu	厦门市
湖里区	hu'li'qu	厦门市
集美区	ji'mei'qu	厦门市
同安区	tong'an'qu	厦门市
翔安区	xiang'an'qu	厦门市
城厢区	cheng'xiang'qu	莆田市
涵江区	han'jiang'qu	莆田市
荔城区	li'cheng'qu	莆田市
秀屿区	xiu'yu'qu	莆田市
仙游县	xian'you'xian	莆田市
三元区	san'yuan'qu	三明市
沙县区	sha'xian'qu	三明市
明溪县	ming'xi'xian	三明市
清流县	qing'liu'xian	三明市
宁化县	ning'hua'xian	三明市
大田县	da'tian'xian	三明市
尤溪县	you'xi'xian	三明市
将乐县	jiang'le'xian	三明市
泰宁县	tai'ning'xian	三明市
建宁县	jian'ning'xian	三明市
永安市	yong'an'shi	三明市
鲤城区	li'cheng'qu	泉州市
丰泽区	feng'ze'qu	泉州市
洛江区	luo'jiang'qu	泉州市
泉港区	quan'gang'qu	泉州市
惠安县	hui'an'xian	泉州市
安溪县	an'xi'xian	泉州市
永春县	yong'chun'xian	泉州市
德化县	de'hua'xian	泉州市
金门县	jin'men'xian	泉州市
石狮市	shi'shi'shi	泉州市
晋江市	jin'jiang'shi	泉州市
南安市	nan'an'shi	泉州市
芗城区	xiang'cheng'qu	漳州市
龙文区	long'wen'qu	漳州市
龙海区	long'hai'qu	漳州市
长泰区	chang'tai'qu	漳州市
云霄县	yun'xiao'xian	漳州市
漳浦县	zhang'pu'xian	漳州市
诏安县	zhao'an'xian	漳州市
东山县	dong'shan'xian	漳州市
南靖县	nan'jing'xian	漳州市
平和县	ping'he'xian	漳州市
华安县	hua'an'xian	漳州市
延平区	yan'ping'qu	南平市
建阳区	jian'yang'qu	南平市
顺昌县	shun'chang'xian	南平市
浦城县	pu'cheng'xian	南平市
光泽县	guang'ze'xian	南平市
松溪县	song'xi'xian	南平市
政和县	zheng'he'xian	南平市
邵武市	shao'wu'shi	南平市
武夷山市	wu'yi'shan'shi	南平市
建瓯市	jian'ou'shi	南平市
新罗区	xin'luo'qu	龙岩市
永定区	yong'ding'qu	龙岩市
长汀县	chang'ting'xian	龙岩市
上杭县	shang'hang'xian	龙岩市
武平县	wu'ping'xian	龙岩市
连城县	lian'cheng'xian	龙岩市
漳平市	zhang'ping'shi	龙岩市
蕉城区	jiao'cheng'qu	宁德市
霞浦县	xia'pu'xian	宁德市
古田县	gu'tian'xian	宁德市
屏南县	ping'nan'xian	宁德市
寿宁县	shou'ning'xian	宁德市
周宁县	zhou'ning'xian	宁德市
柘荣县	zhe'rong'xian	宁德市
福安市	fu'an'shi	宁德市
福鼎市	fu'ding'shi	宁德市
东湖区	dong'hu'qu	南昌市
青云谱区	qing'yun'pu'qu	南昌市
青山湖区	qing'shan'hu'qu	南昌市
新建区	xin'jian'qu	南昌市
红谷滩区	hong'gu'tan'qu	南昌市
南昌县	nan'chang'xian	南昌市
安义县	an'yi'xian	南昌市
进贤县	jin'xian'xian	南昌市
昌江区	chang'jiang'qu	景德镇市
珠山区	zhu'shan'qu	景德镇市
浮梁县	fu'liang'xian	景德镇市
乐平市	le'ping'shi	景德镇市
安源区	an'yuan'qu	萍乡市
湘东区	xiang'dong'qu	萍乡市
莲花县	lian'hua'xian	萍乡市
上栗县	shang'li'xian	萍乡市
芦溪县	lu'xi'xian	萍乡市
濂溪区	lian'xi'qu	九江市
浔阳区	xun'yang'qu	九江市
柴桑区	chai'sang'qu	九江市
武宁县	wu'ning'xian	九江市
修水县	xiu'shui'xian	九江市
永修县	yong'xiu'xian	九江市
德安县	de'an'xian	九江市
都昌县	du'chang'xian	九江市
湖口县	hu'kou'xian	九江市
彭泽县	peng'ze'xian	九江市
瑞昌市	rui'chang'shi	九江市
共青城市	gong'qing'cheng'shi	九江市
庐山市	lu'shan'shi	九江市
渝水区	yu'shui'qu	新余市
分宜县	fen'yi'xian	新余市
月湖区	yue'hu'qu	鹰潭市
余江区	yu'jiang'qu	鹰潭市
贵溪市	gui'xi'shi	鹰潭市
章贡区	zhang'gong'qu	赣州市
南康区	nan'kang'qu	赣州市
赣县区	gan'xian'qu	赣州市
信丰县	xin'feng'xian	赣州市
大余县	da'yu'xian	赣州市
上犹县	shang'you'xian	赣州市
崇义县	chong'yi'xian	赣州市
安远县	an'yuan'xian	赣州市
定南县	ding'nan'xian	赣州市
全南县	quan'nan'xian	赣州市
宁都县	ning'du'xian	赣州市
于都县	yu'du'xian	赣州市
兴国县	xing'guo'xian	赣州市
会昌县	hui'chang'xian	赣州市
寻乌县	xun'wu'xian	赣州市
石城县	shi'cheng'xian	赣州市
瑞金市	rui'jin'shi	赣州市
龙南市	long'nan'shi	赣州市
吉州区	ji'zhou'qu	吉安市
青原区	qing'yuan'qu	吉安市
吉安县	ji'an'xian	吉安市
吉水县	ji'shui'xian	吉安市
峡江县	xia'jiang'xian	吉安市
新干县	xin'gan'xian	吉安市
永丰县	yong'feng'xian	吉安市
泰和县	tai'he'xian	吉安市
遂川县	sui'chuan'xian	吉安市
万安县	wan'an'xian	吉安市
安福县	an'fu'xian	吉安市
永新县	yong'xin'xian	吉安市
井冈山市	jing'gang'shan'shi	吉安市
袁州区	yuan'zhou'qu	宜春市
奉新县	feng'xin'xian	宜春市
万载县	wan'zai'xian	宜春市
上高县	shang'gao'xian	宜春市
宜丰县	yi'feng'xian	宜春市
靖安县	jing'an'xian	宜春市
铜鼓县	tong'gu'xian	宜春市
丰城市	feng'cheng'shi	宜春市
樟树市	zhang'shu'shi	宜春市
高安市	gao'an'shi	宜春市
临川区	lin'chuan'qu	抚州市
东乡区	dong'xiang'qu	抚州市
南城县	nan'cheng'xian	抚州市
黎川县	li'chuan'xian	抚州市
南丰县	nan'feng'xian	抚州市
崇仁县	chong'ren'xian	抚州市
乐安县	le'an'xian	抚州市
宜黄县	yi'huang'xian	抚州市
金溪县	jin'xi'xian	抚州市
资溪县	zi'xi'xian	抚州市
广昌县	guang'chang'xian	抚州市
信州区	xin'zhou'qu	上饶市
广丰区	guang'feng'qu	上饶市
广信区	guang'xin'qu	上饶市
玉山县	yu'shan'xian	上饶市
铅山县	yan'shan'xian	上饶市
横峰县	heng'feng'xian	上饶市
弋阳县	yi'yang'xian	上饶市
余干县	yu'gan'xian	上饶市
鄱阳县	po'yang'xian	上饶市
万年县	wan'nian'xian	上饶市
婺源县	wu'yuan'xian	上饶市
德兴市	de'xing'shi	上饶市
历下区	li'xia'qu	济南市
市中区	shi'zhong'qu	济南市
槐荫区	huai'yin'qu	济南市
天桥区	tian'qiao'qu	济南市
历城区	li'cheng'qu	济南市
长清区	chang'qing'qu	济南市
章丘区	zhang'qiu'qu	济南市
济阳区	ji'yang'qu	济南市
莱芜区	lai'wu'qu	济南市
钢城区	gang'cheng'qu	济南市
平阴县	ping'yin'xian	济南市
商河县	shang'he'xian	济南市
济南高新技术产业开发区	ji'nan'gao'xin'ji'shu'chan'ye'kai'fa'qu	济南市
市南区	shi'nan'qu	青岛市
市北区	shi'bei'qu	青岛市
黄岛区	huang'dao'qu	青岛市
崂山区	lao'shan'qu	青岛市
李沧区	li'cang'qu	青岛市
城阳区	cheng'yang'qu	青岛市
即墨区	ji'mo'qu	青岛市
胶州市	jiao'zhou'shi	青岛市
平度市	ping'du'shi	青岛市
莱西市	lai'xi'shi	青岛市
淄川区	zi'chuan'qu	淄博市
张店区	zhang'dian'qu	淄博市
博山区	bo'shan'qu	淄博市
临淄区	lin'zi'qu	淄博市
周村区	zhou'cun'qu	淄博市
桓台县	huan'tai'xian	淄博市
高青县	gao'qing'xian	淄博市
沂源县	yi'yuan'xian	淄博市
薛城区	xue'cheng'qu	枣庄市
峄城区	yi'cheng'qu	枣庄市
台儿庄区	tai'er'zhuang'qu	枣庄市
山亭区	shan'ting'qu	枣庄市
滕州市	teng'zhou'shi	枣庄市
东营区	dong'ying'qu	东营市
河口区	he'kou'qu	东营市
垦利区	ken'li'qu	东营市
利津县	li'jin'xian	东营市
广饶县	guang'rao'xian	东营市
东营经济技术开发区	dong'ying'jing'ji'ji'shu'kai'fa'qu	东营市
东营港经济开发区	dong'ying'gang'jing'ji'kai'fa'qu	东营市
芝罘区	zhi'fu'qu	烟台市
福山区	fu'shan'qu	烟台市
牟平区	mu'ping'qu	烟台市
莱山区	lai'shan'qu	烟台市
蓬莱区	peng'lai'qu	烟台市
烟台高新技术产业开发区	yan'tai'gao'xin'ji'shu'chan'ye'kai'fa'qu	烟台市
烟台经济技术开发区	yan'tai'jing'ji'ji'shu'kai'fa'qu	烟台市
龙口市	long'kou'shi	烟台市
莱阳市	lai'yang'shi	烟台市
莱州市	lai'zhou'shi	烟台市
招远市	zhao'yuan'shi	烟台市
栖霞市	qi'xia'shi	烟台市
海阳市	hai'yang'shi	烟台市
潍城区	wei'cheng'qu	潍坊市
寒亭区	han'ting'qu	潍坊市
坊子区	fang'zi'qu	潍坊市
奎文区	kui'wen'qu	潍坊市
临朐县	lin'qu'xian	潍坊市
昌乐县	chang'le'xian	潍坊市
潍坊滨海经济技术开发区	wei'fang'bin'hai'jing'ji'ji'shu'kai'fa'qu	潍坊市
青州市	qing'zhou'shi	潍坊市
诸城市	zhu'cheng'shi	潍坊市
寿光市	shou'guang'shi	潍坊市
安丘市	an'qiu'shi	潍坊市
高密市	gao'mi'shi	潍坊市
昌邑市	chang'yi'shi	潍坊市
任城区	ren'cheng'qu	济宁市
兖州区	yan'zhou'qu	济宁市
微山县	wei'shan'xian	济宁市
鱼台县	yu'tai'xian	济宁市
金乡县	jin'xiang'xian	济宁市
嘉祥县	jia'xiang'xian	济宁市
汶上县	wen'shang'xian	济宁市
泗水县	si'shui'xian	济宁市
梁山县	liang'shan'xian	济宁市
济宁高新技术产业开发区	ji'ning'gao'xin'ji'shu'chan'ye'kai'fa'qu	济宁市
曲阜市	qu'fu'shi	济宁市
邹城市	zou'cheng'shi	济宁市
泰山区	tai'shan'qu	泰安市
岱岳区	dai'yue'qu	泰安市
宁阳县	ning'yang'xian	泰安市
东平县	dong'ping'xian	泰安市
新泰市	xin'tai'shi	泰安市
肥城市	fei'cheng'shi	泰安市
环翠区	huan'cui'qu	威海市
文登区	wen'deng'qu	威海市
威海火炬高技术产业开发区	wei'hai'huo'ju'gao'ji'shu'chan'ye'kai'fa'qu	威海市
威海经济技术开发区	wei'hai'jing'ji'ji'shu'kai'fa'qu	威海市
威海临港经济技术开发区	wei'hai'lin'gang'jing'ji'ji'shu'kai'fa'qu	威海市
荣成市	rong'cheng'shi	威海市
乳山市	ru'shan'shi	威海市
东港区	dong'gang'qu	日照市
岚山区	lan'shan'qu	日照市
五莲县	wu'lian'xian	日照市
莒县	ju'xian	日照市
日照经济技术开发区	ri'zhao'jing'ji'ji'shu'kai'fa'qu	日照市
兰山区	lan'shan'qu	临沂市
罗庄区	luo'zhuang'qu	临沂市
沂南县	yi'nan'xian	临沂市
郯城县	tan'cheng'xian	临沂市
沂水县	yi'shui'xian	临沂市
兰陵县	lan'ling'xian	临沂市
费县	fei'xian	临沂市
平邑县	ping'yi'xian	临沂市
莒南县	ju'nan'xian	临沂市
蒙阴县	meng'yin'xian	临沂市
临沭县	lin'shu'xian	临沂市
临沂高新技术产业开发区	lin'yi'gao'xin'ji'shu'chan'ye'kai'fa'qu	临沂市
德城区	de'cheng'qu	德州市
陵城区	ling'cheng'qu	德州市
宁津县	ning'jin'xian	德州市
庆云县	qing'yun'xian	德州市
临邑县	lin'yi'xian	德州市
齐河县	qi'he'xian	德州市
平原县	ping'yuan'xian	德州市
夏津县	xia'jin'xian	德州市
武城县	wu'cheng'xian	德州市
德州天衢新区	de'zhou'tian'qu'xin'qu	德州市
乐陵市	lao'ling'shi	德州市
禹城市	yu'cheng'shi	德州市
东昌府区	dong'chang'fu'qu	聊城市
茌平区	chi'ping'qu	聊城市
阳谷县	yang'gu'xian	聊城市
莘县	shen'xian	聊城市
东阿县	dong'e'xian	聊城市
冠县	guan'xian	聊城市
高唐县	gao'tang'xian	聊城市
临清市	lin'qing'shi	聊城市
滨城区	bin'cheng'qu	滨州市
沾化区	zhan'hua'qu	滨州市
惠民县	hui'min'xian	滨州市
阳信县	yang'xin'xian	滨州市
无棣县	wu'di'xian	滨州市
博兴县	bo'xing'xian	滨州市
邹平市	zou'ping'shi	滨州市
牡丹区	mu'dan'qu	菏泽市
定陶区	ding'tao'qu	菏泽市
曹县	cao'xian	菏泽市
单县	shan'xian	菏泽市
成武县	cheng'wu'xian	菏泽市
巨野县	ju'ye'xian	菏泽市
郓城县	yun'cheng'xian	菏泽市
鄄城县	juan'cheng'xian	菏泽市
东明县	dong'ming'xian	菏泽市
菏泽经济技术开发区	he'ze'jing'ji'ji'shu'kai'fa'qu	菏泽市
菏泽高新技术开发区	he'ze'gao'xin'ji'shu'kai'fa'qu	菏泽市
中原区	zhong'yuan'qu	郑州市
二七区	er'qi'qu	郑州市
管城回族区	guan'cheng'hui'zu'qu	郑州市
金水区	jin'shui'qu	郑州市
上街区	shang'jie'qu	郑州市
惠济区	hui'ji'qu	郑州市
中牟县	zhong'mou'xian	郑州市
郑州经济技术开发区	zheng'zhou'jing'ji'ji'shu'kai'fa'qu	郑州市
郑州高新技术产业开发区	zheng'zhou'gao'xin'ji'shu'chan'ye'kai'fa'qu	郑州市
郑州航空港经济综合实验区	zheng'zhou'hang'kong'gang'jing'ji'zong'he'shi'yan'qu	郑州市
巩义市	gong'yi'shi	郑州市
荥阳市	xing'yang'shi	郑州市
新密市	xin'mi'shi	郑州市
新郑市	xin'zheng'shi	郑州市
登封市	deng'feng'shi	郑州市
龙亭区	long'ting'qu	开封市
顺河回族区	shun'he'hui'zu'qu	开封市
禹王台区	yu'wang'tai'qu	开封市
祥符区	xiang'fu'qu	开封市
杞县	qi'xian	开封市
通许县	tong'xu'xian	开封市
尉氏县	wei'shi'xian	开封市
兰考县	lan'kao'xian	开封市
老城区	lao'cheng'qu	洛阳市
西工区	xi'gong'qu	洛阳市
瀍河回族区	chan'he'hui'zu'qu	洛阳市
涧西区	jian'xi'qu	洛阳市
偃师区	yan'shi'qu	洛阳市
孟津区	meng'jin'qu	洛阳市
洛龙区	luo'long'qu	洛阳市
新安县	xin'an'xian	洛阳市
栾川县	luan'chuan'xian	洛阳市
嵩县	song'xian	洛阳市
汝阳县	ru'yang'xian	洛阳市
宜阳县	yi'yang'xian	洛阳市
洛宁县	luo'ning'xian	洛阳市
伊川县	yi'chuan'xian	洛阳市
洛阳高新技术产业开发区	luo'yang'gao'xin'ji'shu'chan'ye'kai'fa'qu	洛阳市
卫东区	wei'dong'qu	平顶山市
石龙区	shi'long'qu	平顶山市
湛河区	zhan'he'qu	平顶山市
宝丰县	bao'feng'xian	平顶山市
叶县	ye'xian	平顶山市
鲁山县	lu'shan'xian	平顶山市
郏县	jia'xian	平顶山市
平顶山高新技术产业开发区	ping'ding'shan'gao'xin'ji'shu'chan'ye'kai'fa'qu	平顶山市
平顶山市城乡一体化示范区	ping'ding'shan'shi'cheng'xiang'yi'ti'hua'shi'fan'qu	平顶山市
舞钢市	wu'gang'shi	平顶山市
汝州市	ru'zhou'shi	平顶山市
文峰区	wen'feng'qu	安阳市
北关区	bei'guan'qu	安阳市
殷都区	yin'du'qu	安阳市
龙安区	long'an'qu	安阳市
安阳县	an'yang'xian	安阳市
汤阴县	tang'yin'xian	安阳市
滑县	hua'xian	安阳市
内黄县	nei'huang'xian	安阳市
安阳高新技术产业开发区	an'yang'gao'xin'ji'shu'chan'ye'kai'fa'qu	安阳市
林州市	lin'zhou'shi	安阳市
鹤山区	he'shan'qu	鹤壁市
山城区	shan'cheng'qu	鹤壁市
淇滨区	qi'bin'qu	鹤壁市
浚县	xun'xian	鹤壁市
淇县	qi'xian	鹤壁市
鹤壁经济技术开发区	he'bi'jing'ji'ji'shu'kai'fa'qu	鹤壁市
红旗区	hong'qi'qu	新乡市
卫滨区	wei'bin'qu	新乡市
凤泉区	feng'quan'qu	新乡市
牧野区	mu'ye'qu	新乡市
新乡县	xin'xiang'xian	新乡市
获嘉县	huo'jia'xian	新乡市
原阳县	yuan'yang'xian	新乡市
延津县	yan'jin'xian	新乡市
封丘县	feng'qiu'xian	新乡市
新乡高新技术产业开发区	xin'xiang'gao'xin'ji'shu'chan'ye'kai'fa'qu	新乡市
新乡经济技术开发区	xin'xiang'jing'ji'ji'shu'kai'fa'qu	新乡市
新乡市平原城乡一体化示范区	xin'xiang'shi'ping'yuan'cheng'xiang'yi'ti'hua'shi'fan'qu	新乡市
卫辉市	wei'hui'shi	新乡市
辉县市	hui'xian'shi	新乡市
长垣市	chang'yuan'shi	新乡市
解放区	jie'fang'qu	焦作市
中站区	zhong'zhan'qu	焦作市
马村区	ma'cun'qu	焦作市
山阳区	shan'yang'qu	焦作市
修武县	xiu'wu'xian	焦作市
博爱县	bo'ai'xian	焦作市
武陟县	wu'zhi'xian	焦作市
温县	wen'xian	焦作市
焦作城乡一体化示范区	jiao'zuo'cheng'xiang'yi'ti'hua'shi'fan'qu	焦作市
沁阳市	qin'yang'shi	焦作市
孟州市	meng'zhou'shi	焦作市
华龙区	hua'long'qu	濮阳市
清丰县	qing'feng'xian	濮阳市
南乐县	nan'le'xian	濮阳市
范县	fan'xian	濮阳市
台前县	tai'qian'xian	濮阳市
濮阳县	pu'yang'xian	濮阳市
河南濮阳工业园区	he'nan'pu'yang'gong'ye'yuan'qu	濮阳市
濮阳经济技术开发区	pu'yang'jing'ji'ji'shu'kai'fa'qu	濮阳市
魏都区	wei'du'qu	许昌市
建安区	jian'an'qu	许昌市
鄢陵县	yan'ling'xian	许昌市
襄城县	xiang'cheng'xian	许昌市
许昌经济技术开发区	xu'chang'jing'ji'ji'shu'kai'fa'qu	许昌市
禹州市	yu'zhou'shi	许昌市
长葛市	chang'ge'shi	许昌市
源汇区	yuan'hui'qu	漯河市
郾城区	yan'cheng'qu	漯河市
召陵区	zhao'ling'qu	漯河市
舞阳县	wu'yang'xian	漯河市
临颍县	lin'ying'xian	漯河市
漯河经济技术开发区	luo'he'jing'ji'ji'shu'kai'fa'qu	漯河市
湖滨区	hu'bin'qu	三门峡市
陕州区	shan'zhou'qu	三门峡市
渑池县	mian'chi'xian	三门峡市
卢氏县	lu'shi'xian	三门峡市
河南三门峡经济开发区	he'nan'san'men'xia'jing'ji'kai'fa'qu	三门峡市
义马市	yi'ma'shi	三门峡市
灵宝市	ling'bao'shi	三门峡市
宛城区	wan'cheng'qu	南阳市
卧龙区	wo'long'qu	南阳市
南召县	nan'zhao'xian	南阳市
方城县	fang'cheng'xian	南阳市
西峡县	xi'xia'xian	南阳市
镇平县	zhen'ping'xian	南阳市
内乡县	nei'xiang'xian	南阳市
淅川县	xi'chuan'xian	南阳市
社旗县	she'qi'xian	南阳市
唐河县	tang'he'xian	南阳市
新野县	xin'ye'xian	南阳市
桐柏县	tong'bai'xian	南阳市
南阳高新技术产业开发区	nan'yang'gao'xin'ji'shu'chan'ye'kai'fa'qu	南阳市
南阳市城乡一体化示范区	nan'yang'shi'cheng'xiang'yi'ti'hua'shi'fan'qu	南阳市
邓州市	deng'zhou'shi	南阳市
梁园区	liang'yuan'qu	商丘市
睢阳区	sui'yang'qu	商丘市
民权县	min'quan'xian	商丘市
睢县	sui'xian	商丘市
宁陵县	ning'ling'xian	商丘市
柘城县	zhe'cheng'xian	商丘市
虞城县	yu'cheng'xian	商丘市
夏邑县	xia'yi'xian	商丘市
豫东综合物流产业聚集区	yu'dong'zong'he'wu'liu'chan'ye'ju'ji'qu	商丘市
河南商丘经济开发区	he'nan'shang'qiu'jing'ji'kai'fa'qu	商丘市
永城市	yong'cheng'shi	商丘市
浉河区	shi'he'qu	信阳市
平桥区	ping'qiao'qu	信阳市
罗山县	luo'shan'xian	信阳市
光山县	guang'shan'xian	信阳市
新县	xin'xian	信阳市
商城县	shang'cheng'xian	信阳市
固始县	gu'shi'xian	信阳市
潢川县	huang'chuan'xian	信阳市
淮滨县	huai'bin'xian	信阳市
息县	xi'xian	信阳市
信阳高新技术产业开发区	xin'yang'gao'xin'ji'shu'chan'ye'kai'fa'qu	信阳市
川汇区	chuan'hui'qu	周口市
淮阳区	huai'yang'qu	周口市
扶沟县	fu'gou'xian	周口市
西华县	xi'hua'xian	周口市
商水县	shang'shui'xian	周口市
沈丘县	shen'qiu'xian	周口市
郸城县	dan'cheng'xian	周口市
太康县	tai'kang'xian	周口市
鹿邑县	lu'yi'xian	周口市
周口临港开发区	zhou'kou'lin'gang'kai'fa'qu	周口市
项城市	xiang'cheng'shi	周口市
驿城区	yi'cheng'qu	驻马店市
西平县	xi'ping'xian	驻马店市
上蔡县	shang'cai'xian	驻马店市
平舆县	ping'yu'xian	驻马店市
正阳县	zheng'yang'xian	驻马店市
确山县	que'shan'xian	驻马店市
泌阳县	bi'yang'xian	驻马店市
汝南县	ru'nan'xian	驻马店市
遂平县	sui'ping'xian	驻马店市
新蔡县	xin'cai'xian	驻马店市
河南驻马店经济开发区	he'nan'zhu'ma'dian'jing'ji'kai'fa'qu	驻马店市
济源市	ji'yuan'shi	河南省
江岸区	jiang'an'qu	武汉市
江汉区	jiang'han'qu	武汉市
硚口区	qiao'kou'qu	武汉市
汉阳区	han'yang'qu	武汉市
武昌区	wu'chang'qu	武汉市
洪山区	hong'shan'qu	武汉市
东西湖区	dong'xi'hu'qu	武汉市
汉南区	han'nan'qu	武汉市
蔡甸区	cai'dian'qu	武汉市
江夏区	jiang'xia'qu	武汉市
黄陂区	huang'pi'qu	武汉市
新洲区	xin'zhou'qu	武汉市
黄石港区	huang'shi'gang'qu	黄石市
西塞山区	xi'sai'shan'qu	黄石市
下陆区	xia'lu'qu	黄石市
铁山区	tie'shan'qu	黄石市
阳新县	yang'xin'xian	黄石市
大冶市	da'ye'shi	黄石市
茅箭区	mao'jian'qu	十堰市
张湾区	zhang'wan'qu	十堰市
郧阳区	yun'yang'qu	十堰市
郧西县	yun'xi'xian	十堰市
竹山县	zhu'shan'xian	十堰市
竹溪县	zhu'xi'xian	十堰市
房县	fang'xian	十堰市
丹江口市	dan'jiang'kou'shi	十堰市
西陵区	xi'ling'qu	宜昌市
伍家岗区	wu'jia'gang'qu	宜昌市
点军区	dian'jun'qu	宜昌市
猇亭区	xiao'ting'qu	宜昌市
夷陵区	yi'ling'qu	宜昌市
远安县	yuan'an'xian	宜昌市
兴山县	xing'shan'xian	宜昌市
秭归县	zi'gui'xian	宜昌市
长阳土家族自治县	chang'yang'tu'jia'zu'zi'zhi'xian	宜昌市
五峰土家族自治县	wu'feng'tu'jia'zu'zi'zhi'xian	宜昌市
宜都市	yi'du'shi	宜昌市
当阳市	dang'yang'shi	宜昌市
枝江市	zhi'jiang'shi	宜昌市
襄城区	xiang'cheng'qu	襄阳市
樊城区	fan'cheng'qu	襄阳市
襄州区	xiang'zhou'qu	襄阳市
南漳县	nan'zhang'xian	襄阳市
谷城县	gu'cheng'xian	襄阳市
保康县	bao'kang'xian	襄阳市
老河口市	lao'he'kou'shi	襄阳市
枣阳市	zao'yang'shi	襄阳市
宜城市	yi'cheng'shi	襄阳市
梁子湖区	liang'zi'hu'qu	鄂州市
华容区	hua'rong'qu	鄂州市
鄂城区	e'cheng'qu	鄂州市
东宝区	dong'bao'qu	荆门市
掇刀区	duo'dao'qu	荆门市
沙洋县	sha'yang'xian	荆门市
钟祥市	zhong'xiang'shi	荆门市
京山市	jing'shan'shi	荆门市
孝南区	xiao'nan'qu	孝感市
孝昌县	xiao'chang'xian	孝感市
大悟县	da'wu'xian	孝感市
云梦县	yun'meng'xian	孝感市
应城市	ying'cheng'shi	孝感市
安陆市	an'lu'shi	孝感市
汉川市	han'chuan'shi	孝感市
沙市区	sha'shi'qu	荆州市
荆州区	jing'zhou'qu	荆州市
公安县	gong'an'xian	荆州市
江陵县	jiang'ling'xian	荆州市
荆州经济技术开发区	jing'zhou'jing'ji'ji'shu'kai'fa'qu	荆州市
石首市	shi'shou'shi	荆州市
洪湖市	hong'hu'shi	荆州市
松滋市	song'zi'shi	荆州市
监利市	jian'li'shi	荆州市
黄州区	huang'zhou'qu	黄冈市
团风县	tuan'feng'xian	黄冈市
红安县	hong'an'xian	黄冈市
罗田县	luo'tian'xian	黄冈市
英山县	ying'shan'xian	黄冈市
浠水县	xi'shui'xian	黄冈市
蕲春县	qi'chun'xian	黄冈市
黄梅县	huang'mei'xian	黄冈市
龙感湖管理区	long'gan'hu'guan'li'qu	黄冈市
麻城市	ma'cheng'shi	黄冈市
武穴市	wu'xue'shi	黄冈市
咸安区	xian'an'qu	咸宁市
嘉鱼县	jia'yu'xian	咸宁市
通城县	tong'cheng'xian	咸宁市
崇阳县	chong'yang'xian	咸宁市
通山县	tong'shan'xian	咸宁市
赤壁市	chi'bi'shi	咸宁市
曾都区	zeng'du'qu	随州市
随县	sui'xian	随州市
广水市	guang'shui'shi	随州市
恩施市	en'shi'shi	恩施土家族苗族自治州
利川市	li'chuan'shi	恩施土家族苗族自治州
建始县	jian'shi'xian	恩施土家族苗族自治州
巴东县	ba'dong'xian	恩施土家族苗族自治州
宣恩县	xuan'en'xian	恩施土家族苗族自治州
咸丰县	xian'feng'xian	恩施土家族苗族自治州
来凤县	lai'feng'xian	恩施土家族苗族自治州
鹤峰县	he'feng'xian	恩施土家族苗族自治州
仙桃市	xian'tao'shi	湖北省
潜江市	qian'jiang'shi	湖北省
天门市	tian'men'shi	湖北省
神农架林区	shen'nong'jia'lin'qu	湖北省
芙蓉区	fu'rong'qu	长沙市
天心区	tian'xin'qu	长沙市
岳麓区	yue'lu'qu	长沙市
开福区	kai'fu'qu	长沙市
雨花区	yu'hua'qu	长沙市
望城区	wang'cheng'qu	长沙市
长沙县	chang'sha'xian	长沙市
浏阳市	liu'yang'shi	长沙市
宁乡市	ning'xiang'shi	长沙市
荷塘区	he'tang'qu	株洲市
芦淞区	lu'song'qu	株洲市
石峰区	shi'feng'qu	株洲市
天元区	tian'yuan'qu	株洲市
渌口区	lu'kou'qu	株洲市
攸县	you'xian	株洲市
茶陵县	cha'ling'xian	株洲市
炎陵县	yan'ling'xian	株洲市
醴陵市	li'ling'shi	株洲市
雨湖区	yu'hu'qu	湘潭市
岳塘区	yue'tang'qu	湘潭市
湘潭县	xiang'tan'xian	湘潭市
湖南湘潭高新技术产业园区	hu'nan'xiang'tan'gao'xin'ji'shu'chan'ye'yuan'qu	湘潭市
湘潭昭山示范区	xiang'tan'zhao'shan'shi'fan'qu	湘潭市
湘潭九华示范区	xiang'tan'jiu'hua'shi'fan'qu	湘潭市
湘乡市	xiang'xiang'shi	湘潭市
韶山市	shao'shan'shi	湘潭市
珠晖区	zhu'hui'qu	衡阳市
雁峰区	yan'feng'qu	衡阳市
石鼓区	shi'gu'qu	衡阳市
蒸湘区	zheng'xiang'qu	衡阳市
南岳区	nan'yue'qu	衡阳市
衡阳县	heng'yang'xian	衡阳市
衡南县	heng'nan'xian	衡阳市
衡山县	heng'shan'xian	衡阳市
衡东县	heng'dong'xian	衡阳市
祁东县	qi'dong'xian	衡阳市
湖南衡阳松木经济开发区	hu'nan'heng'yang'song'mu'jing'ji'kai'fa'qu	衡阳市
湖南衡阳高新技术产业园区	hu'nan'heng'yang'gao'xin'ji'shu'chan'ye'yuan'qu	衡阳市
耒阳市	lei'yang'shi	衡阳市
常宁市	chang'ning'shi	衡阳市
双清区	shuang'qing'qu	邵阳市
大祥区	da'xiang'qu	邵阳市
北塔区	bei'ta'qu	邵阳市
新邵县	xin'shao'xian	邵阳市
邵阳县	shao'yang'xian	邵阳市
隆回县	long'hui'xian	邵阳市
洞口县	dong'kou'xian	邵阳市
绥宁县	sui'ning'xian	邵阳市
新宁县	xin'ning'xian	邵阳市
城步苗族自治县	cheng'bu'miao'zu'zi'zhi'xian	邵阳市
武冈市	wu'gang'shi	邵阳市
邵东市	shao'dong'shi	邵阳市
岳阳楼区	yue'yang'lou'qu	岳阳市
云溪区	yun'xi'qu	岳阳市
君山区	jun'shan'qu	岳阳市
岳阳县	yue'yang'xian	岳阳市
华容县	hua'rong'xian	岳阳市
湘阴县	xiang'yin'xian	岳阳市
平江县	ping'jiang'xian	岳阳市
岳阳市屈原管理区	yue'yang'shi'qu'yuan'guan'li'qu	岳阳市
汨罗市	mi'luo'shi	岳阳市
临湘市	lin'xiang'shi	岳阳市
武陵区	wu'ling'qu	常德市
鼎城区	ding'cheng'qu	常德市
安乡县	an'xiang'xian	常德市
汉寿县	han'shou'xian	常德市
澧县	li'xian	常德市
临澧县	lin'li'xian	常德市
桃源县	tao'yuan'xian	常德市
石门县	shi'men'xian	常德市
常德市西洞庭管理区	chang'de'shi'xi'dong'ting'guan'li'qu	常德市
津市市	jin'shi'shi	常德市
武陵源区	wu'ling'yuan'qu	张家界市
慈利县	ci'li'xian	张家界市
桑植县	sang'zhi'xian	张家界市
资阳区	zi'yang'qu	益阳市
赫山区	he'shan'qu	益阳市
南县	nan'xian	益阳市
桃江县	tao'jiang'xian	益阳市
安化县	an'hua'xian	益阳市
益阳市大通湖管理区	yi'yang'shi'da'tong'hu'guan'li'qu	益阳市
湖南益阳高新技术产业园区	hu'nan'yi'yang'gao'xin'ji'shu'chan'ye'yuan'qu	益阳市
沅江市	yuan'jiang'shi	益阳市
北湖区	bei'hu'qu	郴州市
苏仙区	su'xian'qu	郴州市
桂阳县	gui'yang'xian	郴州市
宜章县	yi'zhang'xian	郴州市
永兴县	yong'xing'xian	郴州市
嘉禾县	jia'he'xian	郴州市
临武县	lin'wu'xian	郴州市
汝城县	ru'cheng'xian	郴州市
桂东县	gui'dong'xian	郴州市
安仁县	an'ren'xian	郴州市
资兴市	zi'xing'shi	郴州市
零陵区	ling'ling'qu	永州市
冷水滩区	leng'shui'tan'qu	永州市
东安县	dong'an'xian	永州市
双牌县	shuang'pai'xian	永州市
道县	dao'xian	永州市
江永县	jiang'yong'xian	永州市
宁远县	ning'yuan'xian	永州市
蓝山县	lan'shan'xian	永州市
新田县	xin'tian'xian	永州市
江华瑶族自治县	jiang'hua'yao'zu'zi'zhi'xian	永州市
永州经济技术开发区	yong'zhou'jing'ji'ji'shu'kai'fa'qu	永州市
永州市回龙圩管理区	yong'zhou'shi'hui'long'xu'guan'li'qu	永州市
祁阳市	qi'yang'shi	永州市
鹤城区	he'cheng'qu	怀化市
中方县	zhong'fang'xian	怀化市
沅陵县	yuan'ling'xian	怀化市
辰溪县	chen'xi'xian	怀化市
溆浦县	xu'pu'xian	怀化市
会同县	hui'tong'xian	怀化市
麻阳苗族自治县	ma'yang'miao'zu'zi'zhi'xian	怀化市
新晃侗族自治县	xin'huang'dong'zu'zi'zhi'xian	怀化市
芷江侗族自治县	zhi'jiang'dong'zu'zi'zhi'xian	怀化市
靖州苗族侗族自治县	jing'zhou'miao'zu'dong'zu'zi'zhi'xian	怀化市
通道侗族自治县	tong'dao'dong'zu'zi'zhi'xian	怀化市
怀化市洪江管理区	huai'hua'shi'hong'jiang'guan'li'qu	怀化市
洪江市	hong'jiang'shi	怀化市
娄星区	lou'xing'qu	娄底市
双峰县	shuang'feng'xian	娄底市
新化县	xin'hua'xian	娄底市
冷水江市	leng'shui'jiang'shi	娄底市
涟源市	lian'yuan'shi	娄底市
吉首市	ji'shou'shi	湘西土家族苗族自治州
泸溪县	lu'xi'xian	湘西土家族苗族自治州
凤凰县	feng'huang'xian	湘西土家族苗族自治州
花垣县	hua'yuan'xian	湘西土家族苗族自治州
保靖县	bao'jing'xian	湘西土家族苗族自治州
古丈县	gu'zhang'xian	湘西土家族苗族自治州
永顺县	yong'shun'xian	湘西土家族苗族自治州
龙山县	long'shan'xian	湘西土家族苗族自治州
荔湾区	li'wan'qu	广州市
越秀区	yue'xiu'qu	广州市
海珠区	hai'zhu'qu	广州市
天河区	tian'he'qu	广州市
白云区	bai'yun'qu	广州市
黄埔区	huang'pu'qu	广州市
番禺区	pan'yu'qu	广州市
花都区	hua'du'qu	广州市
南沙区	nan'sha'qu	广州市
从化区	cong'hua'qu	广州市
增城区	zeng'cheng'qu	广州市
武江区	wu'jiang'qu	韶关市
浈江区	zhen'jiang'qu	韶关市
曲江区	qu'jiang'qu	韶关市
始兴县	shi'xing'xian	韶关市
仁化县	ren'hua'xian	韶关市
翁源县	weng'yuan'xian	韶关市
乳源瑶族自治县	ru'yuan'yao'zu'zi'zhi'xian	韶关市
新丰县	xin'feng'xian	韶关市
乐昌市	le'chang'shi	韶关市
南雄市	nan'xiong'shi	韶关市
罗湖区	luo'hu'qu	深圳市
福田区	fu'tian'qu	深圳市
宝安区	bao'an'qu	深圳市
龙岗区	long'gang'qu	深圳市
盐田区	yan'tian'qu	深圳市
龙华区	long'hua'qu	深圳市
坪山区	ping'shan'qu	深圳市
光明区	guang'ming'qu	深圳市
香洲区	xiang'zhou'qu	珠海市
斗门区	dou'men'qu	珠海市
金湾区	jin'wan'qu	珠海市
龙湖区	long'hu'qu	汕头市
金平区	jin'ping'qu	汕头市
濠江区	hao'jiang'qu	汕头市
潮阳区	chao'yang'qu	汕头市
潮南区	chao'nan'qu	汕头市
澄海区	cheng'hai'qu	汕头市
南澳县	nan'ao'xian	汕头市
禅城区	chan'cheng'qu	佛山市
南海区	nan'hai'qu	佛山市
顺德区	shun'de'qu	佛山市
三水区	san'shui'qu	佛山市
高明区	gao'ming'qu	佛山市
蓬江区	peng'jiang'qu	江门市
江海区	jiang'hai'qu	江门市
新会区	xin'hui'qu	江门市
台山市	tai'shan'shi	江门市
开平市	kai'ping'shi	江门市
鹤山市	he'shan'shi	江门市
恩平市	en'ping'shi	江门市
赤坎区	chi'kan'qu	湛江市
霞山区	xia'shan'qu	湛江市
坡头区	po'tou'qu	湛江市
麻章区	ma'zhang'qu	湛江市
遂溪县	sui'xi'xian	湛江市
徐闻县	xu'wen'xian	湛江市
廉江市	lian'jiang'shi	湛江市
雷州市	lei'zhou'shi	湛江市
吴川市	wu'chuan'shi	湛江市
茂南区	mao'nan'qu	茂名市
电白区	dian'bai'qu	茂名市
高州市	gao'zhou'shi	茂名市
化州市	hua'zhou'shi	茂名市
信宜市	xin'yi'shi	茂名市
端州区	duan'zhou'qu	肇庆市
鼎湖区	ding'hu'qu	肇庆市
高要区	gao'yao'qu	肇庆市
广宁县	guang'ning'xian	肇庆市
怀集县	huai'ji'xian	肇庆市
封开县	feng'kai'xian	肇庆市
德庆县	de'qing'xian	肇庆市
四会市	si'hui'shi	肇庆市
惠城区	hui'cheng'qu	惠州市
惠阳区	hui'yang'qu	惠州市
博罗县	bo'luo'xian	惠州市
惠东县	hui'dong'xian	惠州市
龙门县	long'men'xian	惠州市
梅江区	mei'jiang'qu	梅州市
梅县区	mei'xian'qu	梅州市
大埔县	da'bu'xian	梅州市
丰顺县	feng'shun'xian	梅州市
五华县	wu'hua'xian	梅州市
平远县	ping'yuan'xian	梅州市
蕉岭县	jiao'ling'xian	梅州市
兴宁市	xing'ning'shi	梅州市
海丰县	hai'feng'xian	汕尾市
陆河县	lu'he'xian	汕尾市
陆丰市	lu'feng'shi	汕尾市
源城区	yuan'cheng'qu	河源市
紫金县	zi'jin'xian	河源市
龙川县	long'chuan'xian	河源市
连平县	lian'ping'xian	河源市
和平县	he'ping'xian	河源市
东源县	dong'yuan'xian	河源市
江城区	jiang'cheng'qu	阳江市
阳东区	yang'dong'qu	阳江市
阳西县	yang'xi'xian	阳江市
阳春市	yang'chun'shi	阳江市
清城区	qing'cheng'qu	清远市
清新区	qing'xin'qu	清远市
佛冈县	fo'gang'xian	清远市
阳山县	yang'shan'xian	清远市
连山壮族瑶族自治县	lian'shan'zhuang'zu'yao'zu'zi'zhi'xian	清远市
连南瑶族自治县	lian'nan'yao'zu'zi'zhi'xian	清远市
英德市	ying'de'shi	清远市
连州市	lian'zhou'shi	清远市
湘桥区	xiang'qiao'qu	潮州市
潮安区	chao'an'qu	潮州市
饶平县	rao'ping'xian	潮州市
榕城区	rong'cheng'qu	揭阳市
揭东区	jie'dong'qu	揭阳市
揭西县	jie'xi'xian	揭阳市
惠来县	hui'lai'xian	揭阳市
普宁市	pu'ning'shi	揭阳市
云城区	yun'cheng'qu	云浮市
云安区	yun'an'qu	云浮市
新兴县	xin'xing'xian	云浮市
郁南县	yu'nan'xian	云浮市
罗定市	luo'ding'shi	云浮市
兴宁区	xing'ning'qu	南宁市
青秀区	qing'xiu'qu	南宁市
江南区	jiang'nan'qu	南宁市
西乡塘区	xi'xiang'tang'qu	南宁市
良庆区	liang'qing'qu	南宁市
邕宁区	yong'ning'qu	南宁市
武鸣区	wu'ming'qu	南宁市
隆安县	long'an'xian	南宁市
马山县	ma'shan'xian	南宁市
上林县	shang'lin'xian	南宁市
宾阳县	bin'yang'xian	南宁市
横州市	heng'zhou'shi	南宁市
城中区	cheng'zhong'qu	柳州市
鱼峰区	yu'feng'qu	柳州市
柳南区	liu'nan'qu	柳州市
柳北区	liu'bei'qu	柳州市
柳江区	liu'jiang'qu	柳州市
柳城县	liu'cheng'xian	柳州市
鹿寨县	lu'zhai'xian	柳州市
融安县	rong'an'xian	柳州市
融水苗族自治县	rong'shui'miao'zu'zi'zhi'xian	柳州市
三江侗族自治县	san'jiang'dong'zu'zi'zhi'xian	柳州市
秀峰区	xiu'feng'qu	桂林市
叠彩区	die'cai'qu	桂林市
象山区	xiang'shan'qu	桂林市
七星区	qi'xing'qu	桂林市
雁山区	yan'shan'qu	桂林市
临桂区	lin'gui'qu	桂林市
阳朔县	yang'shuo'xian	桂林市
灵川县	ling'chuan'xian	桂林市
全州县	quan'zhou'xian	桂林市
兴安县	xing'an'xian	桂林市
永福县	yong'fu'xian	桂林市
灌阳县	guan'yang'xian	桂林市
龙胜各族自治县	long'sheng'ge'zu'zi'zhi'xian	桂林市
资源县	zi'yuan'xian	桂林市
平乐县	ping'le'xian	桂林市
恭城瑶族自治县	gong'cheng'yao'zu'zi'zhi'xian	桂林市
荔浦市	li'pu'shi	桂林市
万秀区	wan'xiu'qu	梧州市
长洲区	chang'zhou'qu	梧州市
龙圩区	long'xu'qu	梧州市
苍梧县	cang'wu'xian	梧州市
藤县	teng'xian	梧州市
蒙山县	meng'shan'xian	梧州市
岑溪市	cen'xi'shi	梧州市
海城区	hai'cheng'qu	北海市
银海区	yin'hai'qu	北海市
铁山港区	tie'shan'gang'qu	北海市
合浦县	he'pu'xian	北海市
港口区	gang'kou'qu	防城港市
防城区	fang'cheng'qu	防城港市
上思县	shang'si'xian	防城港市
东兴市	dong'xing'shi	防城港市
钦南区	qin'nan'qu	钦州市
钦北区	qin'bei'qu	钦州市
灵山县	ling'shan'xian	钦州市
浦北县	pu'bei'xian	钦州市
港北区	gang'bei'qu	贵港市
港南区	gang'nan'qu	贵港市
覃塘区	tan'tang'qu	贵港市
平南县	ping'nan'xian	贵港市
桂平市	gui'ping'shi	贵港市
玉州区	yu'zhou'qu	玉林市
福绵区	fu'mian'qu	玉林市
容县	rong'xian	玉林市
陆川县	lu'chuan'xian	玉林市
博白县	bo'bai'xian	玉林市
兴业县	xing'ye'xian	玉林市
北流市	bei'liu'shi	玉林市
右江区	you'jiang'qu	百色市
田阳区	tian'yang'qu	百色市
田东县	tian'dong'xian	百色市
德保县	de'bao'xian	百色市
那坡县	na'po'xian	百色市
凌云县	ling'yun'xian	百色市
乐业县	le'ye'xian	百色市
田林县	tian'lin'xian	百色市
西林县	xi'lin'xian	百色市
隆林各族自治县	long'lin'ge'zu'zi'zhi'xian	百色市
靖西市	jing'xi'shi	百色市
平果市	ping'guo'shi	百色市
八步区	ba'bu'qu	贺州市
平桂区	ping'gui'qu	贺州市
昭平县	zhao'ping'xian	贺州市
钟山县	zhong'shan'xian	贺州市
富川瑶族自治县	fu'chuan'yao'zu'zi'zhi'xian	贺州市
金城江区	jin'cheng'jiang'qu	河池市
宜州区	yi'zhou'qu	河池市
南丹县	nan'dan'xian	河池市
天峨县	tian'e'xian	河池市
凤山县	feng'shan'xian	河池市
东兰县	dong'lan'xian	河池市
罗城仫佬族自治县	luo'cheng'mu'lao'zu'zi'zhi'xian	河池市
环江毛南族自治县	huan'jiang'mao'nan'zu'zi'zhi'xian	河池市
巴马瑶族自治县	ba'ma'yao'zu'zi'zhi'xian	河池市
都安瑶族自治县	du'an'yao'zu'zi'zhi'xian	河池市
大化瑶族自治县	da'hua'yao'zu'zi'zhi'xian	河池市
兴宾区	xing'bin'qu	来宾市
忻城县	xin'cheng'xian	来宾市
象州县	xiang'zhou'xian	来宾市
武宣县	wu'xuan'xian	来宾市
金秀瑶族自治县	jin'xiu'yao'zu'zi'zhi'xian	来宾市
合山市	he'shan'shi	来宾市
江州区	jiang'zhou'qu	崇左市
扶绥县	fu'sui'xian	崇左市
宁明县	ning'ming'xian	崇左市
龙州县	long'zhou'xian	崇左市
大新县	da'xin'xian	崇左市
天等县	tian'deng'xian	崇左市
凭祥市	ping'xiang'shi	崇左市
秀英区	xiu'ying'qu	海口市
琼山区	qiong'shan'qu	海口市
美兰区	mei'lan'qu	海口市
海棠区	hai'tang'qu	三亚市
吉阳区	ji'yang'qu	三亚市
天涯区	tian'ya'qu	三亚市
崖州区	ya'zhou'qu	三亚市
西沙群岛	xi'sha'qun'dao	三沙市
南沙群岛	nan'sha'qun'dao	三沙市
中沙群岛的岛礁及其海域	zhong'sha'qun'dao'de'dao'jiao'ji'qi'hai'yu	三沙市
五指山市	wu'zhi'shan'shi	海南省
琼海市	qiong'hai'shi	海南省
文昌市	wen'chang'shi	海南省
万宁市	wan'ning'shi	海南省
东方市	dong'fang'shi	海南省
定安县	ding'an'xian	海南省
屯昌县	tun'chang'xian	海南省
澄迈县	cheng'mai'xian	海南省
临高县	lin'gao'xian	海南省
白沙黎族自治县	bai'sha'li'zu'zi'zhi'xian	海南省
昌江黎族自治县	chang'jiang'li'zu'zi'zhi'xian	海南省
乐东黎族自治县	le'dong'li'zu'zi'zhi'xian	海南省
陵水黎族自治县	ling'shui'li'zu'zi'zhi'xian	海南省
保亭黎族苗族自治县	bao'ting'li'zu'miao'zu'zi'zhi'xian	海南省
琼中黎族苗族自治县	qiong'zhong'li'zu'miao'zu'zi'zhi'xian	海南省
万州区	wan'zhou'qu	重庆市
涪陵区	fu'ling'qu	重庆市
渝中区	yu'zhong'qu	重庆市
大渡口区	da'du'kou'qu	重庆市
沙坪坝区	sha'ping'ba'qu	重庆市
九龙坡区	jiu'long'po'qu	重庆市
南岸区	nan'an'qu	重庆市
北碚区	bei'bei'qu	重庆市
綦江区	qi'jiang'qu	重庆市
大足区	da'zu'qu	重庆市
渝北区	yu'bei'qu	重庆市
巴南区	ba'nan'qu	重庆市
黔江区	qian'jiang'qu	重庆市
长寿区	chang'shou'qu	重庆市
江津区	jiang'jin'qu	重庆市
合川区	he'chuan'qu	重庆市
永川区	yong'chuan'qu	重庆市
南川区	nan'chuan'qu	重庆市
璧山区	bi'shan'qu	重庆市
铜梁区	tong'liang'qu	重庆市
潼南区	tong'nan'qu	重庆市
荣昌区	rong'chang'qu	重庆市
开州区	kai'zhou'qu	重庆市
梁平区	liang'ping'qu	重庆市
武隆区	wu'long'qu	重庆市
城口县	cheng'kou'xian	重庆市
丰都县	feng'du'xian	重庆市
垫江县	dian'jiang'xian	重庆市
忠县	zhong'xian	重庆市
云阳县	yun'yang'xian	重庆市
奉节县	feng'jie'xian	重庆市
巫山县	wu'shan'xian	重庆市
巫溪县	wu'xi'xian	重庆市
石柱土家族自治县	shi'zhu'tu'jia'zu'zi'zhi'xian	重庆市
秀山土家族苗族自治县	xiu'shan'tu'jia'zu'miao'zu'zi'zhi'xian	重庆市
酉阳土家族苗族自治县	you'yang'tu'jia'zu'miao'zu'zi'zhi'xian	重庆市
彭水苗族土家族自治县	peng'shui'miao'zu'tu'jia'zu'zi'zhi'xian	重庆市
锦江区	jin'jiang'qu	成都市
青羊区	qing'yang'qu	成都市
金牛区	jin'niu'qu	成都市
武侯区	wu'hou'qu	成都市
成华区	cheng'hua'qu	成都市
龙泉驿区	long'quan'yi'qu	成都市
青白江区	qing'bai'jiang'qu	成都市
新都区	xin'du'qu	成都市
温江区	wen'jiang'qu	成都市
双流区	shuang'liu'qu	成都市
郫都区	pi'du'qu	成都市
新津区	xin'jin'qu	成都市
金堂县	jin'tang'xian	成都市
大邑县	da'yi'xian	成都市
蒲江县	pu'jiang'xian	成都市
都江堰市	du'jiang'yan'shi	成都市
彭州市	peng'zhou'shi	成都市
邛崃市	qiong'lai'shi	成都市
崇州市	chong'zhou'shi	成都市
简阳市	jian'yang'shi	成都市
自流井区	zi'liu'jing'qu	自贡市
贡井区	gong'jing'qu	自贡市
大安区	da'an'qu	自贡市
沿滩区	yan'tan'qu	自贡市
荣县	rong'xian	自贡市
富顺县	fu'shun'xian	自贡市
东区	dong'qu	攀枝花市
西区	xi'qu	攀枝花市
仁和区	ren'he'qu	攀枝花市
米易县	mi'yi'xian	攀枝花市
盐边县	yan'bian'xian	攀枝花市
江阳区	jiang'yang'qu	泸州市
纳溪区	na'xi'qu	泸州市
龙马潭区	long'ma'tan'qu	泸州市
泸县	lu'xian	泸州市
合江县	he'jiang'xian	泸州市
叙永县	xu'yong'xian	泸州市
古蔺县	gu'lin'xian	泸州市
旌阳区	jing'yang'qu	德阳市
罗江区	luo'jiang'qu	德阳市
中江县	zhong'jiang'xian	德阳市
广汉市	guang'han'shi	德阳市
什邡市	shi'fang'shi	德阳市
绵竹市	mian'zhu'shi	德阳市
涪城区	fu'cheng'qu	绵阳市
游仙区	you'xian'qu	绵阳市
安州区	an'zhou'qu	绵阳市
三台县	san'tai'xian	绵阳市
盐亭县	yan'ting'xian	绵阳市
梓潼县	zi'tong'xian	绵阳市
北川羌族自治县	bei'chuan'qiang'zu'zi'zhi'xian	绵阳市
平武县	ping'wu'xian	绵阳市
江油市	jiang'you'shi	绵阳市
利州区	li'zhou'qu	广元市
昭化区	zhao'hua'qu	广元市
朝天区	chao'tian'qu	广元市
旺苍县	wang'cang'xian	广元市
青川县	qing'chuan'xian	广元市
剑阁县	jian'ge'xian	广元市
苍溪县	cang'xi'xian	广元市
船山区	chuan'shan'qu	遂宁市
安居区	an'ju'qu	遂宁市
蓬溪县	peng'xi'xian	遂宁市
大英县	da'ying'xian	遂宁市
射洪市	she'hong'shi	遂宁市
东兴区	dong'xing'qu	内江市
威远县	wei'yuan'xian	内江市
资中县	zi'zhong'xian	内江市
隆昌市	long'chang'shi	内江市
沙湾区	sha'wan'qu	乐山市
五通桥区	wu'tong'qiao'qu	乐山市
金口河区	jin'kou'he'qu	乐山市
犍为县	qian'wei'xian	乐山市
井研县	jing'yan'xian	乐山市
夹江县	jia'jiang'xian	乐山市
沐川县	mu'chuan'xian	乐山市
峨边彝族自治县	e'bian'yi'zu'zi'zhi'xian	乐山市
马边彝族自治县	ma'bian'yi'zu'zi'zhi'xian	乐山市
峨眉山市	e'mei'shan'shi	乐山市
顺庆区	shun'qing'qu	南充市
高坪区	gao'ping'qu	南充市
嘉陵区	jia'ling'qu	南充市
南部县	nan'bu'xian	南充市
营山县	ying'shan'xian	南充市
蓬安县	peng'an'xian	南充市
仪陇县	yi'long'xian	南充市
西充县	xi'chong'xian	南充市
阆中市	lang'zhong'shi	南充市
东坡区	dong'po'qu	眉山市
彭山区	peng'shan'qu	眉山市
仁寿县	ren'shou'xian	眉山市
洪雅县	hong'ya'xian	眉山市
丹棱县	dan'leng'xian	眉山市
青神县	qing'shen'xian	眉山市
翠屏区	cui'ping'qu	宜宾市
南溪区	nan'xi'qu	宜宾市
叙州区	xu'zhou'qu	宜宾市
江安县	jiang'an'xian	宜宾市
长宁县	chang'ning'xian	宜宾市
高县	gao'xian	宜宾市
珙县	gong'xian	宜宾市
筠连县	jun'lian'xian	宜宾市
兴文县	xing'wen'xian	宜宾市
屏山县	ping'shan'xian	宜宾市
广安区	guang'an'qu	广安市
前锋区	qian'feng'qu	广安市
岳池县	yue'chi'xian	广安市
武胜县	wu'sheng'xian	广安市
邻水县	lin'shui'xian	广安市
华蓥市	hua'ying'shi	广安市
通川区	tong'chuan'qu	达州市
达川区	da'chuan'qu	达州市
宣汉县	xuan'han'xian	达州市
开江县	kai'jiang'xian	达州市
大竹县	da'zhu'xian	达州市
渠县	qu'xian	达州市
万源市	wan'yuan'shi	达州市
雨城区	yu'cheng'qu	雅安市
名山区	ming'shan'qu	雅安市
荥经县	ying'jing'xian	雅安市
汉源县	han'yuan'xian	雅安市
石棉县	shi'mian'xian	雅安市
天全县	tian'quan'xian	雅安市
芦山县	lu'shan'xian	雅安市
宝兴县	bao'xing'xian	雅安市
巴州区	ba'zhou'qu	巴中市
恩阳区	en'yang'qu	巴中市
通江县	tong'jiang'xian	巴中市
南江县	nan'jiang'xian	巴中市
平昌县	ping'chang'xian	巴中市
雁江区	yan'jiang'qu	资阳市
安岳县	an'yue'xian	资阳市
乐至县	le'zhi'xian	资阳市
马尔康市	ma'er'kang'shi	阿坝藏族羌族自治州
汶川县	wen'chuan'xian	阿坝藏族羌族自治州
理县	li'xian	阿坝藏族羌族自治州
茂县	mao'xian	阿坝藏族羌族自治州
松潘县	song'pan'xian	阿坝藏族羌族自治州
九寨沟县	jiu'zhai'gou'xian	阿坝藏族羌族自治州
金川县	jin'chuan'xian	阿坝藏族羌族自治州
小金县	xiao'jin'xian	阿坝藏族羌族自治州
黑水县	hei'shui'xian	阿坝藏族羌族自治州
壤塘县	rang'tang'xian	阿坝藏族羌族自治州
阿坝县	a'ba'xian	阿坝藏族羌族自治州
若尔盖县	ruo'er'gai'xian	阿坝藏族羌族自治州
红原县	hong'yuan'xian	阿坝藏族羌族自治州
康定市	kang'ding'shi	甘孜藏族自治州
泸定县	lu'ding'xian	甘孜藏族自治州
丹巴县	dan'ba'xian	甘孜藏族自治州
九龙县	jiu'long'xian	甘孜藏族自治州
雅江县	ya'jiang'xian	甘孜藏族自治州
道孚县	dao'fu'xian	甘孜藏族自治州
炉霍县	lu'huo'xian	甘孜藏族自治州
甘孜县	gan'zi'xian	甘孜藏族自治州
新龙县	xin'long'xian	甘孜藏族自治州
德格县	de'ge'xian	甘孜藏族自治州
白玉县	bai'yu'xian	甘孜藏族自治州
石渠县	shi'qu'xian	甘孜藏族自治州
色达县	se'da'xian	甘孜藏族自治州
理塘县	li'tang'xian	甘孜藏族自治州
巴塘县	ba'tang'xian	甘孜藏族自治州
乡城县	xiang'cheng'xian	甘孜藏族自治州
稻城县	dao'cheng'xian	甘孜藏族自治州
得荣县	de'rong'xian	甘孜藏族自治州
西昌市	xi'chang'shi	凉山彝族自治州
会理市	hui'li'shi	凉山彝族自治州
木里藏族自治县	mu'li'zang'zu'zi'zhi'xian	凉山彝族自治州
盐源县	yan'yuan'xian	凉山彝族自治州
德昌县	de'chang'xian	凉山彝族自治州
会东县	hui'dong'xian	凉山彝族自治州
宁南县	ning'nan'xian	凉山彝族自治州
普格县	pu'ge'xian	凉山彝族自治州
布拖县	bu'tuo'xian	凉山彝族自治州
金阳县	jin'yang'xian	凉山彝族自治州
昭觉县	zhao'jue'xian	凉山彝族自治州
喜德县	xi'de'xian	凉山彝族自治州
冕宁县	mian'ning'xian	凉山彝族自治州
越西县	yue'xi'xian	凉山彝族自治州
甘洛县	gan'luo'xian	凉山彝族自治州
美姑县	mei'gu'xian	凉山彝族自治州
雷波县	lei'bo'xian	凉山彝族自治州
南明区	nan'ming'qu	贵阳市
云岩区	yun'yan'qu	贵阳市
花溪区	hua'xi'qu	贵阳市
乌当区	wu'dang'qu	贵阳市
观山湖区	guan'shan'hu'qu	贵阳市
开阳县	kai'yang'xian	贵阳市
息烽县	xi'feng'xian	贵阳市
修文县	xiu'wen'xian	贵阳市
清镇市	qing'zhen'shi	贵阳市
钟山区	zhong'shan'qu	六盘水市
六枝特区	liu'zhi'te'qu	六盘水市
水城区	shui'cheng'qu	六盘水市
盘州市	pan'zhou'shi	六盘水市
红花岗区	hong'hua'gang'qu	遵义市
汇川区	hui'chuan'qu	遵义市
播州区	bo'zhou'qu	遵义市
桐梓县	tong'zi'xian	遵义市
绥阳县	sui'yang'xian	遵义市
正安县	zheng'an'xian	遵义市
道真仡佬族苗族自治县	dao'zhen'ge'lao'zu'miao'zu'zi'zhi'xian	遵义市
务川仡佬族苗族自治县	wu'chuan'ge'lao'zu'miao'zu'zi'zhi'xian	遵义市
凤冈县	feng'gang'xian	遵义市
湄潭县	mei'tan'xian	遵义市
余庆县	yu'qing'xian	遵义市
习水县	xi'shui'xian	遵义市
赤水市	chi'shui'shi	遵义市
仁怀市	ren'huai'shi	遵义市
西秀区	xi'xiu'qu	安顺市
平坝区	ping'ba'qu	安顺市
普定县	pu'ding'xian	安顺市
镇宁布依族苗族自治县	zhen'ning'bu'yi'zu'miao'zu'zi'zhi'xian	安顺市
关岭布依族苗族自治县	guan'ling'bu'yi'zu'miao'zu'zi'zhi'xian	安顺市
紫云苗族布依族自治县	zi'yun'miao'zu'bu'yi'zu'zi'zhi'xian	安顺市
七星关区	qi'xing'guan'qu	毕节市
大方县	da'fang'xian	毕节市
金沙县	jin'sha'xian	毕节市
织金县	zhi'jin'xian	毕节市
纳雍县	na'yong'xian	毕节市
威宁彝族回族苗族自治县	wei'ning'yi'zu'hui'zu'miao'zu'zi'zhi'xian	毕节市
赫章县	he'zhang'xian	毕节市
黔西市	qian'xi'shi	毕节市
碧江区	bi'jiang'qu	铜仁市
万山区	wan'shan'qu	铜仁市
江口县	jiang'kou'xian	铜仁市
玉屏侗族自治县	yu'ping'dong'zu'zi'zhi'xian	铜仁市
石阡县	shi'qian'xian	铜仁市
思南县	si'nan'xian	铜仁市
印江土家族苗族自治县	yin'jiang'tu'jia'zu'miao'zu'zi'zhi'xian	铜仁市
德江县	de'jiang'xian	铜仁市
沿河土家族自治县	yan'he'tu'jia'zu'zi'zhi'xian	铜仁市
松桃苗族自治县	song'tao'miao'zu'zi'zhi'xian	铜仁市
兴义市	xing'yi'shi	黔西南布依族苗族自治州
兴仁市	xing'ren'shi	黔西南布依族苗族自治州
普安县	pu'an'xian	黔西南布依族苗族自治州
晴隆县	qing'long'xian	黔西南布依族苗族自治州
贞丰县	zhen'feng'xian	黔西南布依族苗族自治州
望谟县	wang'mo'xian	黔西南布依族苗族自治州
册亨县	ce'heng'xian	黔西南布依族苗族自治州
安龙县	an'long'xian	黔西南布依族苗族自治州
凯里市	kai'li'shi	黔东南苗族侗族自治州
黄平县	huang'ping'xian	黔东南苗族侗族自治州
施秉县	shi'bing'xian	黔东南苗族侗族自治州
三穗县	san'sui'xian	黔东南苗族侗族自治州
镇远县	zhen'yuan'xian	黔东南苗族侗族自治州
岑巩县	cen'gong'xian	黔东南苗族侗族自治州
天柱县	tian'zhu'xian	黔东南苗族侗族自治州
锦屏县	jin'ping'xian	黔东南苗族侗族自治州
剑河县	jian'he'xian	黔东南苗族侗族自治州
台江县	tai'jiang'xian	黔东南苗族侗族自治州
黎平县	li'ping'xian	黔东南苗族侗族自治州
榕江县	rong'jiang'xian	黔东南苗族侗族自治州
从江县	cong'jiang'xian	黔东南苗族侗族自治州
雷山县	lei'shan'xian	黔东南苗族侗族自治州
麻江县	ma'jiang'xian	黔东南苗族侗族自治州
丹寨县	dan'zhai'xian	黔东南苗族侗族自治州
都匀市	du'yun'shi	黔南布依族苗族自治州
福泉市	fu'quan'shi	黔南布依族苗族自治州
荔波县	li'bo'xian	黔南布依族苗族自治州
贵定县	gui'ding'xian	黔南布依族苗族自治州
瓮安县	weng'an'xian	黔南布依族苗族自治州
独山县	du'shan'xian	黔南布依族苗族自治州
平塘县	ping'tang'xian	黔南布依族苗族自治州
罗甸县	luo'dian'xian	黔南布依族苗族自治州
长顺县	chang'shun'xian	黔南布依族苗族自治州
龙里县	long'li'xian	黔南布依族苗族自治州
惠水县	hui'shui'xian	黔南布依族苗族自治州
三都水族自治县	san'du'shui'zu'zi'zhi'xian	黔南布依族苗族自治州
五华区	wu'hua'qu	昆明市
盘龙区	pan'long'qu	昆明市
官渡区	guan'du'qu	昆明市
西山区	xi'shan'qu	昆明市
东川区	dong'chuan'qu	昆明市
呈贡区	cheng'gong'qu	昆明市
晋宁区	jin'ning'qu	昆明市
富民县	fu'min'xian	昆明市
宜良县	yi'liang'xian	昆明市
石林彝族自治县	shi'lin'yi'zu'zi'zhi'xian	昆明市
嵩明县	song'ming'xian	昆明市
禄劝彝族苗族自治县	lu'quan'yi'zu'miao'zu'zi'zhi'xian	昆明市
寻甸回族彝族自治县	xun'dian'hui'zu'yi'zu'zi'zhi'xian	昆明市
安宁市	an'ning'shi	昆明市
麒麟区	qi'lin'qu	曲靖市
沾益区	zhan'yi'qu	曲靖市
马龙区	ma'long'qu	曲靖市
陆良县	lu'liang'xian	曲靖市
师宗县	shi'zong'xian	曲靖市
罗平县	luo'ping'xian	曲靖市
富源县	fu'yuan'xian	曲靖市
会泽县	hui'ze'xian	曲靖市
宣威市	xuan'wei'shi	曲靖市
红塔区	hong'ta'qu	玉溪市
江川区	jiang'chuan'qu	玉溪市
通海县	tong'hai'xian	玉溪市
华宁县	hua'ning'xian	玉溪市
易门县	yi'men'xian	玉溪市
峨山彝族自治县	e'shan'yi'zu'zi'zhi'xian	玉溪市
新平彝族傣族自治县	xin'ping'yi'zu'dai'zu'zi'zhi'xian	玉溪市
元江哈尼族彝族傣族自治县	yuan'jiang'ha'ni'zu'yi'zu'dai'zu'zi'zhi'xian	玉溪市
澄江市	cheng'jiang'shi	玉溪市
隆阳区	long'yang'qu	保山市
施甸县	shi'dian'xian	保山市
龙陵县	long'ling'xian	保山市
昌宁县	chang'ning'xian	保山市
腾冲市	teng'chong'shi	保山市
昭阳区	zhao'yang'qu	昭通市
鲁甸县	lu'dian'xian	昭通市
巧家县	qiao'jia'xian	昭通市
盐津县	yan'jin'xian	昭通市
大关县	da'guan'xian	昭通市
永善县	yong'shan'xian	昭通市
绥江县	sui'jiang'xian	昭通市
镇雄县	zhen'xiong'xian	昭通市
彝良县	yi'liang'xian	昭通市
威信县	wei'xin'xian	昭通市
水富市	shui'fu'shi	昭通市
古城区	gu'cheng'qu	丽江市
玉龙纳西族自治县	yu'long'na'xi'zu'zi'zhi'xian	丽江市
永胜县	yong'sheng'xian	丽江市
华坪县	hua'ping'xian	丽江市
宁蒗彝族自治县	ning'lang'yi'zu'zi'zhi'xian	丽江市
思茅区	si'mao'qu	普洱市
宁洱哈尼族彝族自治县	ning'er'ha'ni'zu'yi'zu'zi'zhi'xian	普洱市
墨江哈尼族自治县	mo'jiang'ha'ni'zu'zi'zhi'xian	普洱市
景东彝族自治县	jing'dong'yi'zu'zi'zhi'xian	普洱市
景谷傣族彝族自治县	jing'gu'dai'zu'yi'zu'zi'zhi'xian	普洱市
镇沅彝族哈尼族拉祜族自治县	zhen'yuan'yi'zu'ha'ni'zu'la'hu'zu'zi'zhi'xian	普洱市
江城哈尼族彝族自治县	jiang'cheng'ha'ni'zu'yi'zu'zi'zhi'xian	普洱市
孟连傣族拉祜族佤族自治县	meng'lian'dai'zu'la'hu'zu'wa'zu'zi'zhi'xian	普洱市
澜沧拉祜族自治县	lan'cang'la'hu'zu'zi'zhi'xian	普洱市
西盟佤族自治县	xi'meng'wa'zu'zi'zhi'xian	普洱市
临翔区	lin'xiang'qu	临沧市
凤庆县	feng'qing'xian	临沧市
云县	yun'xian	临沧市
永德县	yong'de'xian	临沧市
镇康县	zhen'kang'xian	临沧市
双江拉祜族佤族布朗族傣族自治县	shuang'jiang'la'hu'zu'wa'zu'bu'lang'zu'dai'zu'zi'zhi'xian	临沧市
耿马傣族佤族自治县	geng'ma'dai'zu'wa'zu'zi'zhi'xian	临沧市
沧源佤族自治县	cang'yuan'wa'zu'zi'zhi'xian	临沧市
楚雄市	chu'xiong'shi	楚雄彝族自治州
禄丰市	lu'feng'shi	楚雄彝族自治州
双柏县	shuang'bai'xian	楚雄彝族自治州
牟定县	mou'ding'xian	楚雄彝族自治州
南华县	nan'hua'xian	楚雄彝族自治州
姚安县	yao'an'xian	楚雄彝族自治州
大姚县	da'yao'xian	楚雄彝族自治州
永仁县	yong'ren'xian	楚雄彝族自治州
元谋县	yuan'mou'xian	楚雄彝族自治州
武定县	wu'ding'xian	楚雄彝族自治州
个旧市	ge'jiu'shi	红河哈尼族彝族自治州
开远市	kai'yuan'shi	红河哈尼族彝族自治州
蒙自市	meng'zi'shi	红河哈尼族彝族自治州
弥勒市	mi'le'shi	红河哈尼族彝族自治州
屏边苗族自治县	ping'bian'miao'zu'zi'zhi'xian	红河哈尼族彝族自治州
建水县	jian'shui'xian	红河哈尼族彝族自治州
石屏县	shi'ping'xian	红河哈尼族彝族自治州
泸西县	lu'xi'xian	红河哈尼族彝族自治州
元阳县	yuan'yang'xian	红河哈尼族彝族自治州
红河县	hong'he'xian	红河哈尼族彝族自治州
金平苗族瑶族傣族自治县	jin'ping'miao'zu'yao'zu'dai'zu'zi'zhi'xian	红河哈尼族彝族自治州
绿春县	lv'chun'xian	红河哈尼族彝族自治州
河口瑶族自治县	he'kou'yao'zu'zi'zhi'xian	红河哈尼族彝族自治州
文山市	wen'shan'shi	文山壮族苗族自治州
砚山县	yan'shan'xian	文山壮族苗族自治州
西畴县	xi'chou'xian	文山壮族苗族自治州
麻栗坡县	ma'li'po'xian	文山壮族苗族自治州
马关县	ma'guan'xian	文山壮族苗族自治州
丘北县	qiu'bei'xian	文山壮族苗族自治州
广南县	guang'nan'xian	文山壮族苗族自治州
富宁县	fu'ning'xian	文山壮族苗族自治州
景洪市	jing'hong'shi	西双版纳傣族自治州
勐海县	meng'hai'xian	西双版纳傣族自治州
勐腊县	meng'la'xian	西双版纳傣族自治州
大理市	da'li'shi	大理白族自治州
漾濞彝族自治县	yang'bi'yi'zu'zi'zhi'xian	大理白族自治州
祥云县	xiang'yun'xian	大理白族自治州
宾川县	bin'chuan'xian	大理白族自治州
弥渡县	mi'du'xian	大理白族自治州
南涧彝族自治县	nan'jian'yi'zu'zi'zhi'xian	大理白族自治州
巍山彝族回族自治县	wei'shan'yi'zu'hui'zu'zi'zhi'xian	大理白族自治州
永平县	yong'ping'xian	大理白族自治州
云龙县	yun'long'xian	大理白族自治州
洱源县	er'yuan'xian	大理白族自治州
剑川县	jian'chuan'xian	大理白族自治州
鹤庆县	he'qing'xian	大理白族自治州
瑞丽市	rui'li'shi	德宏傣族景颇族自治州
芒市	mang'shi	德宏傣族景颇族自治州
梁河县	liang'he'xian	德宏傣族景颇族自治州
盈江县	ying'jiang'xian	德宏傣族景颇族自治州
陇川县	long'chuan'xian	德宏傣族景颇族自治州
泸水市	lu'shui'shi	怒江傈僳族自治州
福贡县	fu'gong'xian	怒江傈僳族自治州
贡山独龙族怒族自治县	gong'shan'du'long'zu'nu'zu'zi'zhi'xian	怒江傈僳族自治州
兰坪白族普米族自治县	lan'ping'bai'zu'pu'mi'zu'zi'zhi'xian	怒江傈僳族自治州
香格里拉市	xiang'ge'li'la'shi	迪庆藏族自治州
德钦县	de'qin'xian	迪庆藏族自治州
维西傈僳族自治县	wei'xi'li'su'zu'zi'zhi'xian	迪庆藏族自治州
城关区	cheng'guan'qu	拉萨市
堆龙德庆区	dui'long'de'qing'qu	拉萨市
达孜区	da'zi'qu	拉萨市
林周县	lin'zhou'xian	拉萨市
当雄县	dang'xiong'xian	拉萨市
尼木县	ni'mu'xian	拉萨市
曲水县	qu'shui'xian	拉萨市
墨竹工卡县	mo'zhu'gong'ka'xian	拉萨市
格尔木藏青工业园区	ge'er'mu'zang'qing'gong'ye'yuan'qu	拉萨市
拉萨经济技术开发区	la'sa'jing'ji'ji'shu'kai'fa'qu	拉萨市
西藏文化旅游创意园区	xi'zang'wen'hua'lv'you'chuang'yi'yuan'qu	拉萨市
达孜工业园区	da'zi'gong'ye'yuan'qu	拉萨市
桑珠孜区	sang'zhu'zi'qu	日喀则市
南木林县	nan'mu'lin'xian	日喀则市
江孜县	jiang'zi'xian	日喀则市
定日县	ding'ri'xian	日喀则市
萨迦县	sa'jia'xian	日喀则市
拉孜县	la'zi'xian	日喀则市
昂仁县	ang'ren'xian	日喀则市
谢通门县	xie'tong'men'xian	日喀则市
白朗县	bai'lang'xian	日喀则市
仁布县	ren'bu'xian	日喀则市
康马县	kang'ma'xian	日喀则市
定结县	ding'jie'xian	日喀则市
仲巴县	zhong'ba'xian	日喀则市
亚东县	ya'dong'xian	日喀则市
吉隆县	ji'long'xian	日喀则市
聂拉木县	nie'la'mu'xian	日喀则市
萨嘎县	sa'ga'xian	日喀则市
岗巴县	gang'ba'xian	日喀则市
卡若区	ka'ruo'qu	昌都市
江达县	jiang'da'xian	昌都市
贡觉县	gong'jue'xian	昌都市
类乌齐县	lei'wu'qi'xian	昌都市
丁青县	ding'qing'xian	昌都市
察雅县	cha'ya'xian	昌都市
八宿县	ba'su'xian	昌都市
左贡县	zuo'gong'xian	昌都市
芒康县	mang'kang'xian	昌都市
洛隆县	luo'long'xian	昌都市
边坝县	bian'ba'xian	昌都市
巴宜区	ba'yi'qu	林芝市
工布江达县	gong'bu'jiang'da'xian	林芝市
墨脱县	mo'tuo'xian	林芝市
波密县	bo'mi'xian	林芝市
察隅县	cha'yu'xian	林芝市
朗县	lang'xian	林芝市
米林市	mi'lin'shi	林芝市
乃东区	nai'dong'qu	山南市
扎囊县	zha'nang'xian	山南市
贡嘎县	gong'ga'xian	山南市
桑日县	sang'ri'xian	山南市
琼结县	qiong'jie'xian	山南市
曲松县	qu'song'xian	山南市
措美县	cuo'mei'xian	山南市
洛扎县	luo'zha'xian	山南市
加查县	jia'cha'xian	山南市
隆子县	long'zi'xian	山南市
浪卡子县	lang'ka'zi'xian	山南市
错那市	cuo'na'shi	山南市
色尼区	se'ni'qu	那曲市
嘉黎县	jia'li'xian	那曲市
比如县	bi'ru'xian	那曲市
聂荣县	nie'rong'xian	那曲市
安多县	an'duo'xian	那曲市
申扎县	shen'zha'xian	那曲市
索县	suo'xian	那曲市
班戈县	ban'ge'xian	那曲市
巴青县	ba'qing'xian	那曲市
尼玛县	ni'ma'xian	那曲市
双湖县	shuang'hu'xian	那曲市
普兰县	pu'lan'xian	阿里地区
札达县	zha'da'xian	阿里地区
噶尔县	ga'er'xian	阿里地区
日土县	ri'tu'xian	阿里地区
革吉县	ge'ji'xian	阿里地区
改则县	gai'ze'xian	阿里地区
措勤县	cuo'qin'xian	阿里地区
碑林区	bei'lin'qu	西安市
莲湖区	lian'hu'qu	西安市
灞桥区	ba'qiao'qu	西安市
未央区	wei'yang'qu	西安市
雁塔区	yan'ta'qu	西安市
阎良区	yan'liang'qu	西安市
临潼区	lin'tong'qu	西安市
高陵区	gao'ling'qu	西安市
鄠邑区	hu'yi'qu	西安市
蓝田县	lan'tian'xian	西安市
周至县	zhou'zhi'xian	西安市
王益区	wang'yi'qu	铜川市
印台区	yin'tai'qu	铜川市
耀州区	yao'zhou'qu	铜川市
宜君县	yi'jun'xian	铜川市
渭滨区	wei'bin'qu	宝鸡市
金台区	jin'tai'qu	宝鸡市
陈仓区	chen'cang'qu	宝鸡市
凤翔区	feng'xiang'qu	宝鸡市
岐山县	qi'shan'xian	宝鸡市
扶风县	fu'feng'xian	宝鸡市
眉县	mei'xian	宝鸡市
陇县	long'xian	宝鸡市
千阳县	qian'yang'xian	宝鸡市
麟游县	lin'you'xian	宝鸡市
凤县	feng'xian	宝鸡市
太白县	tai'bai'xian	宝鸡市
秦都区	qin'du'qu	咸阳市
杨陵区	yang'ling'qu	咸阳市
渭城区	wei'cheng'qu	咸阳市
三原县	san'yuan'xian	咸阳市
泾阳县	jing'yang'xian	咸阳市
乾县	qian'xian	咸阳市
礼泉县	li'quan'xian	咸阳市
永寿县	yong'shou'xian	咸阳市
长武县	chang'wu'xian	咸阳市
旬邑县	xun'yi'xian	咸阳市
淳化县	chun'hua'xian	咸阳市
武功县	wu'gong'xian	咸阳市
兴平市	xing'ping'shi	咸阳市
彬州市	bin'zhou'shi	咸阳市
临渭区	lin'wei'qu	渭南市
华州区	hua'zhou'qu	渭南市
潼关县	tong'guan'xian	渭南市
大荔县	da'li'xian	渭南市
合阳县	he'yang'xian	渭南市
澄城县	cheng'cheng'xian	渭南市
蒲城县	pu'cheng'xian	渭南市
白水县	bai'shui'xian	渭南市
富平县	fu'ping'xian	渭南市
韩城市	han'cheng'shi	渭南市
华阴市	hua'yin'shi	渭南市
宝塔区	bao'ta'qu	延安市
安塞区	an'sai'qu	延安市
延长县	yan'chang'xian	延安市
延川县	yan'chuan'xian	延安市
志丹县	zhi'dan'xian	延安市
吴起县	wu'qi'xian	延安市
甘泉县	gan'quan'xian	延安市
富县	fu'xian	延安市
洛川县	luo'chuan'xian	延安市
宜川县	yi'chuan'xian	延安市
黄龙县	huang'long'xian	延安市
黄陵县	huang'ling'xian	延安市
子长市	zi'chang'shi	延安市
汉台区	han'tai'qu	汉中市
南郑区	nan'zheng'qu	汉中市
城固县	cheng'gu'xian	汉中市
洋县	yang'xian	汉中市
西乡县	xi'xiang'xian	汉中市
勉县	mian'xian	汉中市
宁强县	ning'qiang'xian	汉中市
略阳县	lve'yang'xian	汉中市
镇巴县	zhen'ba'xian	汉中市
留坝县	liu'ba'xian	汉中市
佛坪县	fo'ping'xian	汉中市
榆阳区	yu'yang'qu	榆林市
横山区	heng'shan'qu	榆林市
府谷县	fu'gu'xian	榆林市
靖边县	jing'bian'xian	榆林市
定边县	ding'bian'xian	榆林市
绥德县	sui'de'xian	榆林市
米脂县	mi'zhi'xian	榆林市
佳县	jia'xian	榆林市
吴堡县	wu'bu'xian	榆林市
清涧县	qing'jian'xian	榆林市
子洲县	zi'zhou'xian	榆林市
神木市	shen'mu'shi	榆林市
汉滨区	han'bin'qu	安康市
汉阴县	han'yin'xian	安康市
石泉县	shi'quan'xian	安康市
宁陕县	ning'shan'xian	安康市
紫阳县	zi'yang'xian	安康市
岚皋县	lan'gao'xian	安康市
平利县	ping'li'xian	安康市
镇坪县	zhen'ping'xian	安康市
白河县	bai'he'xian	安康市
旬阳市	xun'yang'shi	安康市
商州区	shang'zhou'qu	商洛市
洛南县	luo'nan'xian	商洛市
丹凤县	dan'feng'xian	商洛市
商南县	shang'nan'xian	商洛市
山阳县	shan'yang'xian	商洛市
镇安县	zhen'an'xian	商洛市
柞水县	zha'shui'xian	商洛市
七里河区	qi'li'he'qu	兰州市
西固区	xi'gu'qu	兰州市
安宁区	an'ning'qu	兰州市
红古区	hong'gu'qu	兰州市
永登县	yong'deng'xian	兰州市
皋兰县	gao'lan'xian	兰州市
榆中县	yu'zhong'xian	兰州市
兰州新区	lan'zhou'xin'qu	兰州市
金川区	jin'chuan'qu	金昌市
永昌县	yong'chang'xian	金昌市
白银区	bai'yin'qu	白银市
平川区	ping'chuan'qu	白银市
靖远县	jing'yuan'xian	白银市
会宁县	hui'ning'xian	白银市
景泰县	jing'tai'xian	白银市
秦州区	qin'zhou'qu	天水市
麦积区	mai'ji'qu	天水市
清水县	qing'shui'xian	天水市
秦安县	qin'an'xian	天水市
甘谷县	gan'gu'xian	天水市
武山县	wu'shan'xian	天水市
张家川回族自治县	zhang'jia'chuan'hui'zu'zi'zhi'xian	天水市
凉州区	liang'zhou'qu	武威市
民勤县	min'qin'xian	武威市
古浪县	gu'lang'xian	武威市
天祝藏族自治县	tian'zhu'zang'zu'zi'zhi'xian	武威市
甘州区	gan'zhou'qu	张掖市
肃南裕固族自治县	su'nan'yu'gu'zu'zi'zhi'xian	张掖市
民乐县	min'le'xian	张掖市
临泽县	lin'ze'xian	张掖市
高台县	gao'tai'xian	张掖市
山丹县	shan'dan'xian	张掖市
崆峒区	kong'tong'qu	平凉市
泾川县	jing'chuan'xian	平凉市
灵台县	ling'tai'xian	平凉市
崇信县	chong'xin'xian	平凉市
庄浪县	zhuang'lang'xian	平凉市
静宁县	jing'ning'xian	平凉市
华亭市	hua'ting'shi	平凉市
肃州区	su'zhou'qu	酒泉市
金塔县	jin'ta'xian	酒泉市
瓜州县	gua'zhou'xian	酒泉市
肃北蒙古族自治县	su'bei'meng'gu'zu'zi'zhi'xian	酒泉市
阿克塞哈萨克族自治县	a'ke'sai'ha'sa'ke'zu'zi'zhi'xian	酒泉市
玉门市	yu'men'shi	酒泉市
敦煌市	dun'huang'shi	酒泉市
西峰区	xi'feng'qu	庆阳市
庆城县	qing'cheng'xian	庆阳市
环县	huan'xian	庆阳市
华池县	hua'chi'xian	庆阳市
合水县	he'shui'xian	庆阳市
正宁县	zheng'ning'xian	庆阳市
宁县	ning'xian	庆阳市
镇原县	zhen'yuan'xian	庆阳市
安定区	an'ding'qu	定西市
通渭县	tong'wei'xian	定西市
陇西县	long'xi'xian	定西市
渭源县	wei'yuan'xian	定西市
临洮县	lin'tao'xian	定西市
漳县	zhang'xian	定西市
岷县	min'xian	定西市
武都区	wu'du'qu	陇南市
成县	cheng'xian	陇南市
文县	wen'xian	陇南市
宕昌县	tan'chang'xian	陇南市
康县	kang'xian	陇南市
西和县	xi'he'xian	陇南市
礼县	li'xian	陇南市
徽县	hui'xian	陇南市
两当县	liang'dang'xian	陇南市
临夏市	lin'xia'shi	临夏回族自治州
临夏县	lin'xia'xian	临夏回族自治州
康乐县	kang'le'xian	临夏回族自治州
永靖县	yong'jing'xian	临夏回族自治州
广河县	guang'he'xian	临夏回族自治州
和政县	he'zheng'xian	临夏回族自治州
东乡族自治县	dong'xiang'zu'zi'zhi'xian	临夏回族自治州
积石山保安族东乡族撒拉族自治县	ji'shi'shan'bao'an'zu'dong'xiang'zu'sa'la'zu'zi'zhi'xian	临夏回族自治州
合作市	he'zuo'shi	甘南藏族自治州
临潭县	lin'tan'xian	甘南藏族自治州
卓尼县	zhuo'ni'xian	甘南藏族自治州
舟曲县	zhou'qu'xian	甘南藏族自治州
迭部县	die'bu'xian	甘南藏族自治州
玛曲县	ma'qu'xian	甘南藏族自治州
碌曲县	lu'qu'xian	甘南藏族自治州
夏河县	xia'he'xian	甘南藏族自治州
城东区	cheng'dong'qu	西宁市
城西区	cheng'xi'qu	西宁市
城北区	cheng'bei'qu	西宁市
湟中区	huang'zhong'qu	西宁市
大通回族土族自治县	da'tong'hui'zu'tu'zu'zi'zhi'xian	西宁市
湟源县	huang'yuan'xian	西宁市
乐都区	le'du'qu	海东市
平安区	ping'an'qu	海东市
民和回族土族自治县	min'he'hui'zu'tu'zu'zi'zhi'xian	海东市
互助土族自治县	hu'zhu'tu'zu'zi'zhi'xian	海东市
化隆回族自治县	hua'long'hui'zu'zi'zhi'xian	海东市
循化撒拉族自治县	xun'hua'sa'la'zu'zi'zhi'xian	海东市
门源回族自治县	men'yuan'hui'zu'zi'zhi'xian	海北藏族自治州
祁连县	qi'lian'xian	海北藏族自治州
海晏县	hai'yan'xian	海北藏族自治州
刚察县	gang'cha'xian	海北藏族自治州
同仁市	tong'ren'shi	黄南藏族自治州
尖扎县	jian'zha'xian	黄南藏族自治州
泽库县	ze'ku'xian	黄南藏族自治州
河南蒙古族自治县	he'nan'meng'gu'zu'zi'zhi'xian	黄南藏族自治州
共和县	gong'he'xian	海南藏族自治州
同德县	tong'de'xian	海南藏族自治州
贵德县	gui'de'xian	海南藏族自治州
兴海县	xing'hai'xian	海南藏族自治州
贵南县	gui'nan'xian	海南藏族自治州
玛沁县	ma'qin'xian	果洛藏族自治州
班玛县	ban'ma'xian	果洛藏族自治州
甘德县	gan'de'xian	果洛藏族自治州
达日县	da'ri'xian	果洛藏族自治州
久治县	jiu'zhi'xian	果洛藏族自治州
玛多县	ma'duo'xian	果洛藏族自治州
玉树市	yu'shu'shi	玉树藏族自治州
杂多县	za'duo'xian	玉树藏族自治州
称多县	cheng'duo'xian	玉树藏族自治州
治多县	zhi'duo'xian	玉树藏族自治州
囊谦县	nang'qian'xian	玉树藏族自治州
曲麻莱县	qu'ma'lai'xian	玉树藏族自治州
格尔木市	ge'er'mu'shi	海西蒙古族藏族自治州
德令哈市	de'ling'ha'shi	海西蒙古族藏族自治州
茫崖市	mang'ya'shi	海西蒙古族藏族自治州
乌兰县	wu'lan'xian	海西蒙古族藏族自治州
都兰县	du'lan'xian	海西蒙古族藏族自治州
天峻县	tian'jun'xian	海西蒙古族藏族自治州
大柴旦行政委员会	da'chai'dan'xing'zheng'wei'yuan'hui	海西蒙古族藏族自治州
兴庆区	xing'qing'qu	银川市
西夏区	xi'xia'qu	银川市
金凤区	jin'feng'qu	银川市
永宁县	yong'ning'xian	银川市
贺兰县	he'lan'xian	银川市
灵武市	ling'wu'shi	银川市
大武口区	da'wu'kou'qu	石嘴山市
惠农区	hui'nong'qu	石嘴山市
平罗县	ping'luo'xian	石嘴山市
利通区	li'tong'qu	吴忠市
红寺堡区	hong'si'bu'qu	吴忠市
盐池县	yan'chi'xian	吴忠市
同心县	tong'xin'xian	吴忠市
青铜峡市	qing'tong'xia'shi	吴忠市
原州区	yuan'zhou'qu	固原市
西吉县	xi'ji'xian	固原市
隆德县	long'de'xian	固原市
泾源县	jing'yuan'xian	固原市
彭阳县	peng'yang'xian	固原市
沙坡头区	sha'po'tou'qu	中卫市
中宁县	zhong'ning'xian	中卫市
海原县	hai'yuan'xian	中卫市
天山区	tian'shan'qu	乌鲁木齐市
沙依巴克区	sha'yi'ba'ke'qu	乌鲁木齐市
新市区	xin'shi'qu	乌鲁木齐市
水磨沟区	shui'mo'gou'qu	乌鲁木齐市
头屯河区	tou'tun'he'qu	乌鲁木齐市
达坂城区	da'ban'cheng'qu	乌鲁木齐市
米东区	mi'dong'qu	乌鲁木齐市
乌鲁木齐县	wu'lu'mu'qi'xian	乌鲁木齐市
独山子区	du'shan'zi'qu	克拉玛依市
克拉玛依区	ke'la'ma'yi'qu	克拉玛依市
白碱滩区	bai'jian'tan'qu	克拉玛依市
乌尔禾区	wu'er'he'qu	克拉玛依市
高昌区	gao'chang'qu	吐鲁番市
鄯善县	shan'shan'xian	吐鲁番市
托克逊县	tuo'ke'xun'xian	吐鲁番市
伊州区	yi'zhou'qu	哈密市
巴里坤哈萨克自治县	ba'li'kun'ha'sa'ke'zi'zhi'xian	哈密市
伊吾县	yi'wu'xian	哈密市
昌吉市	chang'ji'shi	昌吉回族自治州
阜康市	fu'kang'shi	昌吉回族自治州
呼图壁县	hu'tu'bi'xian	昌吉回族自治州
玛纳斯县	ma'na'si'xian	昌吉回族自治州
奇台县	qi'tai'xian	昌吉回族自治州
吉木萨尔县	ji'mu'sa'er'xian	昌吉回族自治州
木垒哈萨克自治县	mu'lei'ha'sa'ke'zi'zhi'xian	昌吉回族自治州
博乐市	bo'le'shi	博尔塔拉蒙古自治州
阿拉山口市	a'la'shan'kou'shi	博尔塔拉蒙古自治州
精河县	jing'he'xian	博尔塔拉蒙古自治州
温泉县	wen'quan'xian	博尔塔拉蒙古自治州
库尔勒市	ku'er'le'shi	巴音郭楞蒙古自治州
轮台县	lun'tai'xian	巴音郭楞蒙古自治州
尉犁县	yu'li'xian	巴音郭楞蒙古自治州
若羌县	ruo'qiang'xian	巴音郭楞蒙古自治州
且末县	qie'mo'xian	巴音郭楞蒙古自治州
焉耆回族自治县	yan'qi'hui'zu'zi'zhi'xian	巴音郭楞蒙古自治州
和静县	he'jing'xian	巴音郭楞蒙古自治州
和硕县	he'shuo'xian	巴音郭楞蒙古自治州
博湖县	bo'hu'xian	巴音郭楞蒙古自治州
阿克苏市	a'ke'su'shi	阿克苏地区
库车市	ku'che'shi	阿克苏地区
温宿县	wen'su'xian	阿克苏地区
沙雅县	sha'ya'xian	阿克苏地区
新和县	xin'he'xian	阿克苏地区
拜城县	bai'cheng'xian	阿克苏地区
乌什县	wu'shi'xian	阿克苏地区
阿瓦提县	a'wa'ti'xian	阿克苏地区
柯坪县	ke'ping'xian	阿克苏地区
阿图什市	a'tu'shi'shi	克孜勒苏柯尔克孜自治州
阿克陶县	a'ke'tao'xian	克孜勒苏柯尔克孜自治州
阿合奇县	a'he'qi'xian	克孜勒苏柯尔克孜自治州
乌恰县	wu'qia'xian	克孜勒苏柯尔克孜自治州
喀什市	ka'shi'shi	喀什地区
疏附县	shu'fu'xian	喀什地区
疏勒县	shu'le'xian	喀什地区
英吉沙县	ying'ji'sha'xian	喀什地区
泽普县	ze'pu'xian	喀什地区
莎车县	sha'che'xian	喀什地区
叶城县	ye'cheng'xian	喀什地区
麦盖提县	mai'gai'ti'xian	喀什地区
岳普湖县	yue'pu'hu'xian	喀什地区
伽师县	jia'shi'xian	喀什地区
巴楚县	ba'chu'xian	喀什地区
塔什库尔干塔吉克自治县	ta'shi'ku'er'gan'ta'ji'ke'zi'zhi'xian	喀什地区
和田市	he'tian'shi	和田地区
和田县	he'tian'xian	和田地区
墨玉县	mo'yu'xian	和田地区
皮山县	pi'shan'xian	和田地区
洛浦县	luo'pu'xian	和田地区
策勒县	ce'le'xian	和田地区
于田县	yu'tian'xian	和田地区
民丰县	min'feng'xian	和田地区
伊宁市	yi'ning'shi	伊犁哈萨克自治州
奎屯市	kui'tun'shi	伊犁哈萨克自治州
霍尔果斯市	huo'er'guo'si'shi	伊犁哈萨克自治州
伊宁县	yi'ning'xian	伊犁哈萨克自治州
察布查尔锡伯自治县	cha'bu'cha'er'xi'bo'zi'zhi'xian	伊犁哈萨克自治州
霍城县	huo'cheng'xian	伊犁哈萨克自治州
巩留县	gong'liu'xian	伊犁哈萨克自治州
新源县	xin'yuan'xian	伊犁哈萨克自治州
昭苏县	zhao'su'xian	伊犁哈萨克自治州
特克斯县	te'ke'si'xian	伊犁哈萨克自治州
尼勒克县	ni'le'ke'xian	伊犁哈萨克自治州
塔城市	ta'cheng'shi	塔城地区
乌苏市	wu'su'shi	塔城地区
沙湾市	sha'wan'shi	塔城地区
额敏县	e'min'xian	塔城地区
托里县	tuo'li'xian	塔城地区
裕民县	yu'min'xian	塔城地区
和布克赛尔蒙古自治县	he'bu'ke'sai'er'meng'gu'zi'zhi'xian	塔城地区
阿勒泰市	a'le'tai'shi	阿勒泰地区
布尔津县	bu'er'jin'xian	阿勒泰地区
富蕴县	fu'yun'xian	阿勒泰地区
福海县	fu'hai'xian	阿勒泰地区
哈巴河县	ha'ba'he'xian	阿勒泰地区
青河县	qing'he'xian	阿勒泰地区
吉木乃县	ji'mu'nai'xian	阿勒泰地区
石河子市	shi'he'zi'shi	新疆维吾尔自治区
阿拉尔市	a'la'er'shi	新疆维吾尔自治区
图木舒克市	tu'mu'shu'ke'shi	新疆维吾尔自治区
五家渠市	wu'jia'qu'shi	新疆维吾尔自治区
北屯市	bei'tun'shi	新疆维吾尔自治区
铁门关市	tie'men'guan'shi	新疆维吾尔自治区
双河市	shuang'he'shi	新疆维吾尔自治区
可克达拉市	ke'ke'da'la'shi	新疆维吾尔自治区
昆玉市	kun'yu'shi	新疆维吾尔自治区
胡杨河市	hu'yang'he'shi	新疆维吾尔自治区
新星市	xin'xing'shi	新疆维吾尔自治区
白杨市	bai'yang'shi	新疆维吾尔自治区
